0.3597232,0.4630322,0.9205604,0.8855028,0.3556055,0.9791434,0.6048895,0.4033982,0,0
0.2142085,0.5456871,0.2156996,0.8592404,0.6625787,0.3922366,0.6749289,0.1629971,1,1
0.3019869,0.5797592,0.8883102,0.9015292,0.6551777,0.3698286,0.02780507,0.6350361,2,2
0.07014378,0.7409208,0.1440914,0.1043817,0.8353557,0.1715675,0.6621989,0.6637492,3,3
0.4152319,0.4829491,0.1342684,0.7219641,0.3231909,0.6973514,0.5589594,0.9127009,4,4
0.9171953,0.9499065,0.2225409,0.3242299,0.3930544,0.02863074,0.4656745,0.4691733,5,5
0.6610659,0.03274464,0.6986125,0.4603444,0.5974237,0.8621014,0.7943503,0.3832746,6,6
0.5304156,0.7842807,0.7623628,0.4000508,0.8596207,0.4840198,0.6281623,0.2082087,7,7
0.955433,0.05373636,0.127592,0.7647431,0.9603028,0.6622217,0.1333398,0.3637571,0,8
0.4596986,0.6824757,0.7928879,0.852784,0.07338636,0.9472822,0.8486652,0.3840825,1,9
0.5756354,0.2685175,0.2709348,0.06807175,0.4239185,0.4861105,0.3614717,0.2371531,2,10
0.9316136,0.5255544,0.02377108,0.240779,0.4594857,0.07123964,0.3096264,0.8694961,3,11
0.6500048,0.3792344,0.7201057,0.8106437,0.6522853,0.549266,0.9671144,0.1951408,4,12
0.1103906,0.6385635,0.8369904,0.6611727,0.204194,0.5918103,0.5503389,0.8423282,5,13
0.09475181,0.5410146,0.6689206,0.8395684,0.847481,0.6301552,0.5180651,0.04805318,6,14
0.1042952,0.5701073,0.5699015,0.2255463,0.5794568,0.808017,0.2266168,0.6056389,7,15
0.937679,0.5617794,0.0189965,0.1525135,0.1400448,0.2067618,0.3155548,0.1755552,0,16
0.5553923,0.5195793,0.831061,0.3221021,0.6245645,0.5447076,0.9279901,0.6262397,1,17
0.7872044,0.316171,0.3699995,0.5023863,0.6749955,0.4771429,0.676466,0.7148852,2,18
0.04548061,0.1301128,0.2988541,0.6387025,0.9155475,0.8863045,0.5107411,0.3713372,3,19
0.9810227,0.02765458,0.9490818,0.5978161,0.9193234,0.7978744,0.2209368,0.9741961,4,20
0.06447106,0.7574209,0.7733403,0.8749052,0.08175623,0.2566338,0.10133,0.8424087,5,21
0.7865326,0.753089,0.930971,0.6965978,0.7803743,0.2697133,0.5219385,0.01804077,6,22
0.149444,0.402646,0.8113834,0.1953519,0.5729637,0.5081992,0.1091476,0.2226989,7,23
0.9599229,0.6443105,0.7392089,0.1941932,0.0961021,0.0367124,0.6202182,0.6451637,0,24
0.8287696,0.1767866,0.3848228,0.8887395,0.02961852,0.4481824,0.8040832,0.9932885,1,25
0.2476945,0.6841733,0.1836067,0.7824172,0.9615929,0.2421104,0.6343374,0.7989368,2,26
0.4705298,0.06424177,0.01246501,0.5897343,0.8251146,0.7091331,0.05529878,0.9932271,3,27
0.6918875,0.9884652,0.8206777,0.8460433,0.4189081,0.8035886,0.3978471,0.1224641,4,28
0.4673038,0.5180942,0.2765282,0.4483285,0.3822324,0.9430503,0.846989,0.1347966,5,29
0.361133,0.1871597,0.2232208,0.3320101,0.07592993,0.6080422,0.6396678,0.173962,6,30
0.8162292,0.9631144,0.3190153,0.6768572,0.1729382,0.5123352,0.9918905,0.9127703,7,31
0.2246208,0.8205989,0.9965376,0.8256693,0.3429996,0.2795545,0.1753137,0.1801178,0,32
0.08441852,0.9993922,0.6905618,0.7025275,0.696905,0.7849635,0.2230192,0.4698197,1,33
0.9822695,0.913496,0.1730903,0.3768706,0.2477961,0.5838425,0.1537164,0.9476247,2,34
0.6787024,0.4423316,0.4152029,0.3097329,0.6069136,0.7631491,0.19739,0.2816783,3,35
0.2948399,0.04946623,0.08277987,0.8686786,0.3372199,0.098883,0.6033587,0.2087883,4,36
0.5839739,0.3994135,0.76222,0.9635003,0.7937243,0.1344009,0.4368184,0.05604138,5,37
0.5464455,0.8346791,0.0356024,0.8158572,0.1792099,0.4672049,0.8509626,0.2005114,6,38
0.6688918,0.1344256,0.1988032,0.5347984,0.923823,0.8835083,0.2395924,0.9422561,7,39
0.620786,0.7598708,0.8538676,0.7693702,0.1399731,0.6039178,0.1328279,0.1526582,0,40
0.9126471,0.2583707,0.8485628,0.05237764,0.9056384,0.2636116,0.4383216,0.8028585,1,41
0.1327082,0.4179402,0.01313651,0.3129594,0.3457301,0.1906232,0.4548977,0.5004273,2,42
0.1623211,0.300318,0.4614632,0.1552549,0.7441404,0.5104097,0.1507562,0.8245216,3,43
0.04874532,0.3242008,0.06430306,0.0559287,0.385159,0.4948709,0.8201247,0.4056183,4,44
0.5738872,0.2022194,0.7161612,0.07205978,0.2342254,0.1862613,0.6849217,0.211079,5,45
0.5611089,0.1851142,0.3253716,0.6942752,0.1965342,0.2872365,0.3006168,0.6440238,6,46
0.5814139,0.8017358,0.8054302,0.117141,0.0359877,0.4849122,0.4517984,0.9466534,7,47
0.5026973,0.5682184,0.08762459,0.569778,0.7609222,0.2203655,0.2511781,0.4125705,0,48
0.5247959,0.881323,0.1853276,0.8995222,0.2792746,0.8832923,0.965152,0.6219147,1,49
0.09738423,0.1981551,0.4454083,0.4811047,0.1479641,0.6200756,0.3179676,0.6981317,2,50
0.1676323,0.04650339,0.05105565,0.7893395,0.3830079,0.1081551,0.7268508,0.5204279,3,51
0.9802784,0.5018563,0.7859229,0.6970772,0.9266055,0.7161373,0.8546053,0.3272066,4,52
0.2231349,0.07778573,0.6096142,0.2544035,0.1700054,0.8423318,0.7725384,0.33949,5,53
0.1279111,0.6778123,0.1900764,0.860045,0.4214791,0.9634946,0.6795238,0.7532492,6,54
0.1666158,0.2873455,0.5749658,0.5931013,0.5341092,0.6556567,0.3596567,0.212666,7,55
0.5121737,0.3836513,0.4128848,0.04374968,0.2359979,0.4794717,0.96346,0.5881812,0,56
0.2883577,0.9867898,0.2661569,0.7247057,0.8635907,0.1857314,0.6641769,0.3195129,1,57
0.8769345,0.2504827,0.3812099,0.3504404,0.7110149,0.08507669,0.9772587,0.6085746,2,58
0.2592162,0.766278,0.07989772,0.4429727,0.9495451,0.4290969,0.5176492,0.5401571,3,59
0.4844677,0.4112615,0.4371225,0.4502279,0.4422257,0.2966287,0.90332,0.8913414,4,60
0.7751571,0.4261861,0.1223652,0.4539069,0.1202319,0.1813579,0.3612047,0.8419529,5,61
0.9819951,0.8724127,0.9250844,0.4665025,0.02163832,0.9422588,0.2777509,0.5231773,6,62
0.4342822,0.9632348,0.6020821,0.4655022,0.9269332,0.2108032,0.8608456,0.3403575,7,63
0.5413565,0.3825247,0.07599401,0.3064224,0.1627415,0.9786596,0.5789924,0.2600652,0,64
0.1211133,0.1243205,0.7240185,0.3070748,0.883454,0.003071974,0.01880933,0.1502971,1,65
0.6255879,0.8074881,0.3673722,0.9120529,0.1699811,0.01751626,0.6909796,0.6481546,2,66
0.4525935,0.03187269,0.2348972,0.7365354,0.2888315,0.4352398,0.6026844,0.3931145,3,67
0.1539454,0.9386815,0.5665566,0.8783017,0.02839287,0.2312188,0.8390644,0.9884807,4,68
0.8121228,0.5431412,0.3581793,0.5831597,0.3801922,0.8017771,0.7394796,0.2828814,5,69
0.944944,0.6802152,0.9277385,0.4818872,0.5307057,0.6370076,0.335447,0.6655154,6,70
0.3948544,0.2250566,0.5186334,0.157751,0.6752988,0.7021167,0.9102591,0.1526446,7,71
0.1102198,0.6184687,0.1179747,0.08428665,0.9315456,0.5331312,0.5374644,0.3776518,0,72
0.8094061,0.533527,0.5865963,0.2351742,0.855495,0.8114685,0.8876196,0.6789237,1,73
0.764911,0.7309019,0.5871539,0.698283,0.8412563,0.6863297,0.7886762,0.8783536,2,74
0.0219599,0.5189432,0.8382024,0.4010797,0.5634706,0.8318196,0.8532505,0.8481848,3,75
0.7290948,0.8370666,0.4238517,0.09432091,0.19179,0.9397709,0.3077902,0.9970573,4,76
0.3268769,0.2940927,0.8237503,0.5205189,0.8277645,0.8069991,0.02253029,0.4006982,5,77
0.6150086,0.04135866,0.4849809,0.3305599,0.8892622,0.8124333,0.5979234,0.9084249,6,78
0.6829535,0.06687656,0.07662141,0.007012208,0.2023288,0.67597,0.2204371,0.3616388,7,79
0.2973444,0.5306543,0.6648739,0.4309011,0.8029622,0.5594465,0.5029877,0.4660534,0,80
0.2273119,0.9807578,0.4072251,0.1088442,0.6917077,0.6575628,0.1459211,0.5718569,1,81
0.2083326,0.1128489,0.3400908,0.3713375,0.5300279,0.6465498,0.6106426,0.6200141,2,82
0.2039473,0.8614924,0.1449834,0.9900925,0.2576405,0.5280708,0.1248087,0.5654271,3,83
0.3682333,0.529062,0.2027477,0.8493029,0.9928838,0.8371141,0.4656664,0.9093732,4,84
0.3112808,0.5614707,0.457242,0.06700183,0.4378399,0.7233527,0.5803154,0.4535065,5,85
0.06433792,0.06839444,0.738567,0.334063,0.5865833,0.2200935,0.9503711,0.4060871,6,86
0.9135985,0.7004438,0.6231287,0.271972,0.380195,0.4893982,0.3753306,0.8329139,7,87
0.9169738,0.676614,0.4554901,0.2671389,0.6629288,0.3998038,0.776784,0.2366467,0,88
0.2801116,0.5731395,0.07903618,0.7803552,0.618082,0.8927919,0.05232079,0.9890722,1,89
0.6698175,0.4766514,0.2780163,0.7947215,0.05116938,0.3420772,0.772323,0.4558065,2,90
0.3804515,0.2892132,0.4078324,0.9567136,0.8589433,0.8192034,0.2299397,0.1675491,3,91
0.1484126,0.07248815,0.9381012,0.5395276,0.9263106,0.7767313,0.8661668,0.2732989,4,92
0.9361014,0.8387851,0.4911176,0.5149149,0.3574092,0.8512523,0.2736531,0.3673723,5,93
0.3578329,0.001922784,0.9784719,0.3195806,0.7805637,0.2796835,0.7275508,0.2214032,6,94
0.43124,0.5895921,0.7282942,0.6813829,0.3115271,0.0478488,0.8228385,0.337147,7,95
0.7921448,0.552475,0.03355368,0.003903183,0.3004541,0.785369,0.4929346,0.9478768,0,96
0.3117087,0.2273554,0.01665092,0.253134,0.3065166,0.5865657,0.5196385,0.32483,1,97
0.6316199,0.7377363,0.4987589,0.7233842,0.8173448,0.9975257,0.7824626,0.643887,2,98
0.9263902,0.8571491,0.03361463,0.7451546,0.180557,0.6540279,0.31973,0.5217615,3,99
0.4801801,0.4462985,0.8089488,0.7783899,0.01907312,0.3814264,0.5591087,0.6521746,4,100
0.1182634,0.2754061,0.4559886,0.8130004,0.4019412,0.06811316,0.4733339,0.208521,5,101
0.8477026,0.4871421,0.8125007,0.9413719,0.6110887,0.2554734,0.7737526,0.3508056,6,102
0.7171096,0.8494814,0.02405413,0.1884226,0.007057297,0.3958985,0.2424154,0.3776792,7,103
0.2331915,0.1266951,0.8439369,0.23218,0.0007344956,0.1565234,0.7365207,0.9572369,0,104
0.9855626,0.7935908,0.6571359,0.6363525,0.08840594,0.9340218,0.0323949,0.4399265,1,105
0.696562,0.6510786,0.3862104,0.9441235,0.6344204,0.6728441,0.4298244,0.6827343,2,106
0.8547607,0.2124917,0.9512815,0.1240893,0.3805384,0.8106097,0.4404002,0.8395344,3,107
0.608725,0.4965782,0.7604386,0.5975106,0.1962802,0.7635683,0.8205354,0.7262527,4,108
0.8492703,0.761241,0.1709015,0.7467132,0.4300137,0.796507,0.1197622,0.8466297,5,109
0.9167937,0.3337173,0.8454691,0.3305112,0.1104393,0.04337679,0.9896632,0.9759011,6,110
0.8132749,0.6434616,0.6144144,0.3729045,0.9311923,0.7875239,0.5897971,0.03702534,7,111
0.2771749,0.4976279,0.1224561,0.1135864,0.1773271,0.7467436,0.247889,0.260408,0,112
0.06020043,0.3646594,0.5628974,0.2832019,0.1064229,0.02913788,0.3450103,0.4806084,1,113
0.6994901,0.7303239,0.8023209,0.1980996,0.5860517,0.2646784,0.6157848,0.2414917,2,114
0.220709,0.9924925,0.3760937,0.1464091,0.6117559,0.3617775,0.3580176,0.05225023,3,115
0.4883884,0.4348059,0.1317965,0.6192923,0.6826919,0.5503139,0.7660974,0.8662985,4,116
0.6257135,0.2800064,0.6519654,0.2908876,0.6819074,0.6994431,0.5803441,0.7912632,5,117
0.6083779,0.29592,0.5999914,0.8613508,0.7257491,0.2702716,0.9147704,0.004262956,6,118
0.334243,0.3737117,0.0635841,0.2645018,0.9525982,0.5069612,0.7780478,0.3423964,7,119
0.4390556,0.5384026,0.8880539,0.1051696,0.03525481,0.02042936,0.8704292,0.5251247,0,120
0.03734373,0.9243325,0.8365744,0.5163568,0.1240455,0.1631854,0.6001446,0.2550296,1,121
0.3891214,0.3366489,0.8008099,0.003346535,0.7978225,0.3015928,0.8829211,0.2348813,2,122
0.9377041,0.80547,0.2346085,0.1795606,0.2787413,0.7256847,0.1161527,0.8153152,3,123
0.4103655,0.762427,0.4800467,0.2091772,0.8830762,0.4149969,0.3631965,0.3397316,4,124
0.06783986,0.5393779,0.6244075,0.01589439,0.2123551,0.2939514,0.3798688,0.06464246,5,125
0.9139871,0.7976905,0.01095553,0.3264665,0.5019187,0.2541561,0.1107878,0.4489933,6,126
0.8177387,0.2850479,0.7524423,0.8498505,0.6876457,0.9781315,0.4878454,0.4396649,7,127
0.9346853,0.009023553,0.6567092,0.1879986,0.8548846,0.09596531,0.8391952,0.0242352,0,128
0.7154682,0.6637769,0.892955,0.8864064,0.42421,0.5534919,0.1160558,0.1173737,1,129
0.1840582,0.438834,0.4855198,0.6948565,0.8644642,0.7568712,0.1851607,0.9716875,2,130
0.257416,0.04949468,0.8294967,0.3724335,0.9697205,0.2367879,0.130272,0.04647752,3,131
0.005439762,0.2715652,0.8675473,0.6670052,0.9311957,0.8538086,0.1805271,0.7648091,4,132
0.1955442,0.3962752,0.7849725,0.02437866,0.344104,0.3601099,0.9782174,0.5148784,5,133
0.5470952,0.4193447,0.375466,0.7144184,0.4001586,0.7327783,0.7176525,0.06306017,6,134
0.8436098,0.02096345,0.4599781,0.7032361,0.161348,0.3531413,0.3947888,0.9692953,7,135
0.1430521,0.3025314,0.8174428,0.5057636,0.2778945,0.1312413,0.9340405,0.2587819,0,136
0.6636027,0.7763903,0.8656101,0.7012264,0.6547034,0.6217595,0.4142307,0.06820075,1,137
0.8587331,0.7851526,0.9170598,0.241283,0.8819053,0.8925568,0.5098677,0.8163646,2,138
0.2256357,0.6510967,0.7650293,0.0795678,0.8801064,0.6254684,0.3867339,0.5909362,3,139
0.9104714,0.8854555,0.7146978,0.6642692,0.2293733,0.3660305,0.9503808,0.6135509,4,140
0.8297788,0.450885,0.8032566,0.2091994,0.3551311,0.2335499,0.7895114,0.5861608,5,141
0.5063509,0.655902,0.9472454,0.6127397,0.561666,0.1966094,0.3269808,0.8164465,6,142
0.07003272,0.3341023,0.5364849,0.907013,0.7158414,0.9993386,0.03592496,0.5981923,7,143
0.6747816,0.3235821,0.3109515,0.9300806,0.7518234,0.9227497,0.243508,0.04273726,0,144
0.6813849,0.7864795,0.1595075,0.9582161,0.6724559,0.8800215,0.6137842,0.4083121,1,145
0.8078024,0.2576965,0.09728253,0.4208437,0.4973287,0.898142,0.5029597,0.1321811,2,146
0.2994048,0.3220735,0.7514518,0.9256647,0.1168193,0.770367,0.3915725,0.5279735,3,147
0.3142697,0.8737518,0.009203414,0.4449293,0.9840005,0.3840909,0.6260772,0.7773978,4,148
0.6116061,0.642767,0.4389187,0.2885184,0.9596165,0.4106776,0.588715,0.4584757,5,149
0.5292099,0.7956383,0.8640788,0.4798859,0.6741343,0.4051189,0.9348417,0.6712166,6,150
0.05212366,0.1314794,0.265155,0.7769992,0.17266,0.04283216,0.5490631,0.4302375,7,151
0.8025622,0.3567703,0.533559,0.6789303,0.04602069,0.8168526,0.637663,0.6069914,0,152
0.524071,0.1998695,0.4411381,0.1365177,0.1092811,0.8699993,0.1031764,0.004936808,1,153
0.5906522,0.8263249,0.8237422,0.8609815,0.4215222,0.4975148,0.8005506,0.3763284,2,154
0.06057385,0.1707389,0.281232,0.5927213,0.6416715,0.9925454,0.7608188,0.03751222,3,155
0.2137221,0.9473861,0.7661969,0.5284953,0.5762805,0.1524675,0.3353356,0.7818711,4,156
0.4847884,0.2014702,0.2699186,0.8299912,0.1988357,0.3941494,0.4994147,0.7844329,5,157
0.2183341,0.2856866,0.07538264,0.2249694,0.999667,0.319816,0.2748142,0.9488683,6,158
0.1917892,0.2052554,0.8430302,0.6532902,0.3553261,0.7996399,0.2634253,0.7954869,7,159
0.6008519,0.9849916,0.9264819,0.1165537,0.9869803,0.3239513,0.6937689,0.7225292,0,160
0.3994784,0.7626815,0.294083,0.6058217,0.4316671,0.3371559,0.634078,0.9867241,1,161
0.3423441,0.718276,0.1301206,0.01910998,0.5618646,0.2976829,0.3953349,0.3092782,2,162
0.1368383,0.8612809,0.4572209,0.6442074,0.1770283,0.8664758,0.0509917,0.7858646,3,163
0.1642183,0.03395649,0.1182304,0.5324386,0.0936156,0.385134,0.1310323,0.5745448,4,164
0.8888083,0.2667262,0.03617361,0.4348482,0.5917902,0.4254385,0.0299617,0.9778951,5,165
0.4275092,0.9179262,0.6647326,0.7852493,0.2827616,0.2819636,0.3400849,0.07043001,6,166
0.05861236,0.8035368,0.8137782,0.969404,0.1257896,0.1503749,0.03848947,0.3442661,7,167
0.7426724,0.5143017,0.6664576,0.007519374,0.443966,0.225611,0.4320646,0.3667443,0,168
0.1374093,0.5527622,0.191887,0.3796026,0.07539947,0.6929465,0.3599514,0.8724327,1,169
0.4703689,0.1502322,0.4354711,0.9621587,0.6181532,0.08634215,0.1479624,0.4267191,2,170
0.4272576,0.01386574,0.833994,0.2415803,0.3469589,0.2312491,0.659035,0.4183993,3,171
0.3504195,0.4685429,0.3973592,0.7873761,0.9732383,0.4941481,0.504787,0.4547074,4,172
0.5026609,0.3644,0.3047757,0.1995166,0.9445586,0.877182,0.7440979,0.2519103,5,173
0.3804046,0.9240655,0.4350669,0.2424188,0.5327523,0.418807,0.754831,0.3002538,6,174
0.3121679,0.7646521,0.8363177,0.3601074,0.3436926,0.2207232,0.632333,0.1624319,7,175
0.851471,0.844578,0.5785202,0.3167129,0.52205,0.3938474,0.7026169,0.9143649,0,176
0.1178021,0.7230244,0.853669,0.5687724,0.7296551,0.4219094,0.7023269,0.5238867,1,177
0.9630873,0.9937935,0.9403189,0.7242724,0.3539027,0.7489315,0.02914762,0.2947317,2,178
0.7188016,0.075578,0.623862,0.652195,0.5914524,0.3482881,0.0003646742,0.9489642,3,179
0.3382688,0.4476714,0.5551699,0.4809236,0.5006196,0.4575619,0.169504,0.8484707,4,180
0.4278987,0.2079321,0.5595631,0.29722,0.7133164,0.3910374,0.9992808,0.5372643,5,181
0.697725,0.5247071,0.002881547,0.6542155,0.7309759,0.1002086,0.07181421,0.635269,6,182
0.9479966,0.03194208,0.6150402,0.7926958,0.5061285,0.4622237,0.3680906,0.4681669,7,183
0.172586,0.8102874,0.7708213,0.3974638,0.08977392,0.04891823,0.9471974,0.08497629,0,184
0.5912265,0.4691432,0.6323118,0.1061727,0.2944802,0.3119657,0.3013998,0.8631989,1,185
0.131784,0.8490459,0.08994947,0.6901874,0.089608,0.5234653,0.1980004,0.7743807,2,186
0.5376379,0.5951972,0.9441558,0.5723408,0.511906,0.3186078,0.6336427,0.9072604,3,187
0.1935831,0.5108926,0.8581018,0.004413072,0.6003382,0.7343295,0.9631906,0.5751778,4,188
0.7398749,0.4001727,0.3180119,0.9652929,0.5982074,0.4042352,0.09349091,0.3353017,5,189
0.2645944,0.8497227,0.5463259,0.7601736,0.3462355,0.8527349,0.4799335,0.5073976,6,190
0.739632,0.5485204,0.175788,0.5079197,0.09288254,0.6696963,0.08632886,0.8172371,7,191
0.7626555,0.6556371,0.573831,0.8129245,0.6042832,0.6268001,0.9301515,0.03987854,0,192
0.3695583,0.366404,0.4289765,0.2032969,0.1761728,0.3998024,0.7492869,0.3991011,1,193
0.9902021,0.7786745,0.5088491,0.3115733,0.2789548,0.4303612,0.8231453,0.9734767,2,194
0.620134,0.7432621,0.4359062,0.2204965,0.376812,0.4951729,0.9938743,0.805297,3,195
0.1813761,0.05809677,0.4845904,0.8890072,0.7707239,0.7611685,0.7055884,0.1870068,4,196
0.8318588,0.8873736,0.3496765,0.5858214,0.7166798,0.7345505,0.9900289,0.8759375,5,197
0.1634859,0.9246145,0.3723648,0.5311689,0.1550825,0.9444109,0.7551978,0.7943361,6,198
0.3155115,0.1338722,0.2236031,0.2776426,0.3173387,0.505515,0.3748667,0.3275424,7,199
0.777911,0.1306042,0.2021709,0.1309526,0.4727473,0.3394971,0.4608352,0.6548004,0,200
0.7817612,0.04668152,0.812159,0.4877612,0.4058464,0.1303003,0.605159,0.7310171,1,201
0.3360067,0.626289,0.7861195,0.04750399,0.09943363,0.9608036,0.0439509,0.4323191,2,202
0.8429282,0.3338775,0.7868759,0.1427742,0.6591411,0.001106666,0.9092413,0.857762,3,203
0.6704851,0.1873934,0.07435431,0.2780395,0.4203172,0.5537571,0.6659496,0.05598741,4,204
0.08377147,0.1376076,0.4968813,0.2174858,0.2354005,0.5405132,0.7551076,0.5674335,5,205
0.07451675,0.01938054,0.5384262,0.07737926,0.2640343,0.913298,0.5921962,0.1302183,6,206
0.460351,0.2607509,0.281871,0.3093351,0.297389,0.4272145,0.8613691,0.1936577,7,207
0.4291909,0.7808424,0.3628421,0.9855168,0.674372,0.6197454,0.5095606,0.2463665,0,208
0.8026708,0.8967453,0.4060015,0.500222,0.3729146,0.484533,0.2662497,0.2965191,1,209
0.3207862,0.8059956,0.9935386,0.05112197,0.993838,0.715891,0.7050412,0.576271,2,210
0.05891127,0.2239169,0.4454716,0.3189434,0.8634105,0.7602477,0.4835038,0.3584192,3,211
0.3691338,0.5666564,0.4778715,0.9033399,0.8300964,0.5728121,0.8103164,0.8773868,4,212
0.4011699,0.2480386,0.05429489,0.1655256,0.5408081,0.4832176,0.8040723,0.8780234,5,213
0.3261843,0.4834008,0.9133873,0.4402778,0.7171223,0.2768402,0.6705703,0.9487423,6,214
0.6441608,0.09928194,0.3670396,0.8940439,0.9169716,0.1053245,0.02071693,0.9005843,7,215
0.2286944,0.9758911,0.8582162,0.9361229,0.5765173,0.7335842,0.391342,0.6165216,0,216
0.1018015,0.6689963,0.3462459,0.6614162,0.9546772,0.9486579,0.4499967,0.7096054,1,217
0.6678738,0.7561323,0.8824862,0.4168122,0.3144228,0.7039582,0.6552295,0.1962316,2,218
0.9813164,0.5278323,0.6822861,0.8853679,0.4143455,0.9022219,0.1088372,0.78759,3,219
0.354688,0.5374564,0.9332023,0.9166436,0.8696248,0.8670655,0.281042,0.2894564,4,220
0.1395591,0.5767957,0.3798328,0.2517833,0.4974484,0.3582764,0.2351882,0.9878699,5,221
0.6370126,0.5034505,0.6262435,0.4203847,0.5231881,0.8987282,0.04448133,0.670935,6,222
0.1232086,0.670729,0.281968,0.3582373,0.9444616,0.06852945,0.193717,0.6202946,7,223
0.8172733,0.9575073,0.02892715,0.4237029,0.1027007,0.5982405,0.7569359,0.9605944,0,224
0.4077416,0.5148426,0.773243,0.3753228,0.1491687,0.06982778,0.2103552,0.98498,1,225
0.7176969,0.4745058,0.6624569,0.9441509,0.2571351,0.004371502,0.7631122,0.2143248,2,226
0.8614532,0.61458,0.1693142,0.4986238,0.6172732,0.6896316,0.874436,0.5662687,3,227
0.2512127,0.8200099,0.3630739,0.9958337,0.8953791,0.4791922,0.4428322,0.4662021,4,228
0.1598282,0.8777196,0.4440009,0.7648287,0.1447041,0.4366198,0.835435,0.9081386,5,229
0.8172064,0.9098892,0.4460374,0.2816633,0.3368088,0.2679314,0.6621473,0.06455288,6,230
0.6688963,0.5369213,0.1310473,0.03710037,0.2004616,0.3105108,0.3714439,0.6663941,7,231
0.6043163,0.8768339,0.1639543,0.3379044,0.05129303,0.6043041,0.2496313,0.8616703,0,232
0.9857617,0.8253754,0.5496863,0.2488593,0.713016,0.2336441,0.5589076,0.3680979,1,233
0.4223987,0.4319734,0.8621991,0.2581195,0.746532,0.02343801,0.43147,0.8907943,2,234
0.08705725,0.6094965,0.4956959,0.3961138,0.7839335,0.14164,0.176074,0.8427802,3,235
0.3719152,0.8142951,0.1835385,0.6327522,0.583031,0.6748291,0.196781,0.04620044,4,236
0.9158365,0.5306242,0.862847,0.1136062,0.1245447,0.4173741,0.4719417,0.4710923,5,237
0.3853352,0.4102747,0.04955178,0.625688,0.6761006,0.4240237,0.1292915,0.560356,6,238
0.3877187,0.7673431,0.02891944,0.6187415,0.8636026,0.9938537,0.4839045,0.7246366,7,239
0.4493869,0.8790772,0.9481043,0.374375,0.630731,0.5455793,0.1993499,0.9642715,0,240
0.4565707,0.47418,0.1460366,0.4654942,0.4899932,0.3876829,0.8694156,0.4224674,1,241
0.8519645,0.3400768,0.9669731,0.3786406,0.8705535,0.5534469,0.7591271,0.3765199,2,242
0.4136233,0.639116,0.1061695,0.3847961,0.5152519,0.3514047,0.3082573,0.8979259,3,243
0.5824391,0.04555313,0.3950401,0.8531625,0.02073862,0.8464572,0.02524055,0.3259746,4,244
0.5200022,0.9364277,0.7577969,0.7560525,0.7967947,0.02174542,0.1440934,0.49723,5,245
0.3735971,0.8485596,0.4741204,0.4382368,0.3055945,0.004334583,0.922206,0.3814449,6,246
0.839752,0.4235847,0.7124699,0.6940738,0.4931997,0.04310033,0.2091748,0.9801178,7,247
0.993556,0.9098199,0.1971919,0.09325817,0.7958039,0.9134846,0.6890677,0.1690543,0,248
0.4377292,0.6493685,0.369741,0.4063862,0.3378564,0.8212992,0.5895795,0.3852922,1,249
0.09126657,0.7722351,0.6884657,0.5482649,0.8812436,0.1556394,0.7320223,0.1421444,2,250
0.5627992,0.3687103,0.7880254,0.9655313,0.5430377,0.8321299,0.7992267,0.4170398,3,251
0.2748048,0.9105136,0.9049056,0.4898205,0.7082229,0.996538,0.2440085,0.3889665,4,252
0.9126524,0.5133658,0.1471523,0.202534,0.7246916,0.942034,0.6195086,0.09599286,5,253
0.8040318,0.4142481,0.4027877,0.1532034,0.2934866,0.2015538,0.1018077,0.3667909,6,254
0.9615066,0.5411125,0.9416901,0.764302,0.4884056,0.1473367,0.2014633,0.8180684,7,255
0.9924124,0.3974232,0.5919317,0.5879217,0.08980384,0.05362918,0.1521972,0.4788474,0,256
0.775218,0.9672827,0.6047472,0.8483135,0.7762438,0.5290046,0.7901542,0.2793957,1,257
0.1107859,0.1167654,0.2532709,0.6311967,0.9595503,0.6129535,0.8350753,0.5554208,2,258
0.9262444,0.4427372,0.959664,0.7408546,0.1656306,0.736383,0.9838195,0.4104304,3,259
0.4916678,0.8618125,0.8517874,0.5937613,0.5209222,0.004968759,0.2208422,0.847569,4,260
0.03749883,0.7916253,0.06747835,0.9096042,0.6027735,0.8316458,0.5722001,0.3249916,5,261
0.7494052,0.756431,0.5891547,0.1847321,0.6299022,0.3309869,0.9520862,0.1494787,6,262
0.5749665,0.3967677,0.3689193,0.6234556,0.8392231,0.5962935,0.09940489,0.185055,7,263
0.7135185,0.3877038,0.3939253,0.2317753,0.6838195,0.328399,0.7680074,0.5056146,0,264
0.18279,0.150752,0.294829,0.9119276,0.2246175,0.7202047,0.6400434,0.7386917,1,265
0.288012,0.7347869,0.2002302,0.1024037,0.4246718,0.82342,0.1240201,0.951633,2,266
0.9129804,0.368666,0.4196033,0.0147487,0.2623726,0.8418911,0.1850723,0.004413009,3,267
0.8998021,0.4407571,0.710295,0.9749504,0.4169341,0.09954833,0.4832989,0.6476058,4,268
0.934729,0.449189,0.6463782,0.04373229,0.1982843,0.7139727,0.8903519,0.4725825,5,269
0.3854541,0.6367716,0.8426175,0.7809108,0.6792268,0.7162487,0.3538486,0.8254322,6,270
0.2285986,0.2401282,0.9372478,0.2831854,0.5109752,0.02165067,0.3899598,0.4878473,7,271
0.8852824,0.5154372,0.5498883,0.4277977,0.6722331,0.6013383,0.1220483,0.1111105,0,272
0.3767398,0.136381,0.6481612,0.04976461,0.7355058,0.2145835,0.03262323,0.7098126,1,273
0.1297462,0.5993298,0.06892564,0.3649844,0.05172716,0.1340675,0.9604952,0.08646876,2,274
0.3814187,0.9643813,0.6950482,0.7145646,0.4558306,0.9166115,0.1852607,0.9054053,3,275
0.09191842,0.2840683,0.8668259,0.8004935,0.06649763,0.3053401,0.7847261,0.6077849,4,276
0.4975709,0.547084,0.5007352,0.5068501,0.3531828,0.2185873,0.6690668,0.4136904,5,277
0.2916797,0.3555719,0.1898784,0.3369639,0.7334666,0.7864962,0.9480845,0.1502524,6,278
0.4160599,0.1684894,0.6768311,0.493642,0.4522226,0.005977973,0.5392219,0.1115161,7,279
0.2379197,0.7897996,0.9583925,0.8571075,0.766856,0.2603123,0.9029407,0.4576329,0,280
0.6673531,0.2278432,0.4735973,0.3960758,0.3248504,0.557623,0.06716342,0.8613055,1,281
0.3177077,0.4891062,0.8975773,0.06380853,0.6611982,0.1275291,0.4777043,0.7911621,2,282
0.6660002,0.1498336,0.1645013,0.284328,0.3663358,0.9675549,0.398483,0.6201857,3,283
0.8779206,0.2922254,0.7875325,0.654283,0.9290676,0.1891121,0.667663,0.6244268,4,284
0.07787459,0.8977379,0.8656766,0.08785086,0.6063721,0.04371217,0.3891988,0.01175071,5,285
0.6387154,0.1167291,0.9699242,0.861972,0.309683,0.4253493,0.5734401,0.1554803,6,286
0.02259292,0.9878673,0.1475068,0.1979897,0.180449,0.9828247,0.01348477,0.3235793,7,287
0.2039731,0.9240214,0.5960278,0.4509728,0.5634316,0.2386614,0.9258908,0.2751527,0,288
0.6951972,0.6333878,0.2231202,0.545749,0.1832727,0.7438897,0.4866516,0.3935101,1,289
0.5570524,0.9764451,0.525926,0.4774579,0.4914649,0.8206587,0.7294424,0.3147954,2,290
0.7987055,0.1750001,0.567871,0.5627866,0.3292666,0.9892219,0.1359884,0.6637796,3,291
0.9019872,0.1917526,0.2485594,0.5504794,0.5570185,0.6309452,0.1047146,0.9373535,4,292
0.6164162,0.2166079,0.03190636,0.9160059,0.8659117,0.4044469,0.8201047,0.9387181,5,293
0.4162119,0.9982449,0.649727,0.8790951,0.7151565,0.4263825,0.5422378,0.189955,6,294
0.2724271,0.8713433,0.5275348,0.8613338,0.5399706,0.4019076,0.9347889,0.6181692,7,295
0.9560592,0.4262435,0.9421694,0.1445214,0.2106135,0.4823013,0.6946455,0.3234868,0,296
0.3710276,0.63508,0.2538003,0.02358595,0.1048406,0.3865412,0.7663462,0.9926424,1,297
0.2033573,0.6970459,0.1808849,0.1165192,0.8184572,0.9549944,0.04037141,0.1309693,2,298
0.8512948,0.2217848,0.9804445,0.4571548,0.8872764,0.6205814,0.846839,0.9727212,3,299
0.224021,0.7067277,0.8602284,0.5025279,0.5452676,0.5086852,0.2895507,0.9270875,4,300
0.02132956,0.9255857,0.3690182,0.1683135,0.5984567,0.5282276,0.06446408,0.5470082,5,301
0.9189726,0.105913,0.9203452,0.2389967,0.6128688,0.5083962,0.3863174,0.6912486,6,302
0.5125037,0.2342825,0.7419314,0.7227466,0.05405504,0.7218559,0.1469602,0.8637583,7,303
0.8089535,0.5360066,0.03908072,0.7800096,0.8262029,0.8315278,0.8446701,0.9774402,0,304
0.04697927,0.09151694,0.5271935,0.02579797,0.319572,0.6216805,0.1191086,0.870744,1,305
0.1563226,0.9806252,0.08012368,0.4335243,0.4155208,0.01582128,0.1197014,0.8283378,2,306
0.97371,0.4315878,0.4658183,0.5545238,0.4897348,0.8132834,0.2595594,0.1590195,3,307
0.4210219,0.5573744,0.07413129,0.9399133,0.5870569,0.790401,0.487869,0.5551502,4,308
0.7125219,0.5322536,0.08111858,0.8910934,0.348134,0.604319,0.7922347,0.5123653,5,309
0.9449215,0.03203034,0.8612973,0.3231421,0.8669678,0.2152096,0.1259041,0.6590713,6,310
0.4813934,0.2538807,0.8601193,0.5769223,0.7195522,0.3341064,0.210844,0.3332048,7,311
0.4823666,0.05204228,0.247265,0.544873,0.3009344,0.5991993,0.7406974,0.1010509,0,312
0.06657107,0.8539087,0.4757716,0.970681,0.2135833,0.002338597,0.09113625,0.7478534,1,313
0.1594558,0.7232703,0.9176786,0.2636762,0.678005,0.1349007,0.920109,0.3341591,2,314
0.5371162,0.7200092,0.9464785,0.04684762,0.5389537,0.3328334,0.3793578,0.702931,3,315
0.3449575,0.05387734,0.9900817,0.5909768,0.6940042,0.2089376,0.06627935,0.7598786,4,316
0.817531,0.2480472,0.7766713,0.3841442,0.7786406,0.554899,0.2112949,0.8214272,5,317
0.5181745,0.3339099,0.6477735,0.0165624,0.6063882,0.8102452,0.08237465,0.08522933,6,318
0.7114385,0.8615075,0.4885528,0.9151761,0.4050107,0.9972876,0.1938673,0.98625,7,319
0.9631142,0.6372098,0.460651,0.4998927,0.003697374,0.2388732,0.1771124,0.2034988,0,320
0.004681188,0.1701578,0.06335714,0.004232818,0.2562939,0.8778014,0.6763042,0.2659979,1,321
0.08409684,0.8292184,0.7268866,0.783446,0.621261,0.2949371,0.5201595,0.6361929,2,322
0.564033,0.8366691,0.8957207,0.9383594,0.8770839,0.4147482,0.4582484,0.6795627,3,323
0.7038046,0.5767694,0.7445238,0.2046275,0.06368674,0.7463796,0.7090486,0.007479978,4,324
0.7572577,0.7758794,0.6285114,0.2194592,0.750324,0.7489123,0.3691907,0.5615476,5,325
0.8824629,0.3137853,0.2178993,0.2839775,0.8232922,0.3500719,0.9652727,0.5253176,6,326
0.9949965,0.7229633,0.9991131,0.7812663,0.7722202,0.2372349,0.5711184,0.8966411,7,327
0.1406723,0.2042011,0.7048738,0.6961831,0.7827975,0.4437855,0.2802497,0.5831962,0,328
0.5612269,0.9129269,0.6567779,0.1603883,0.2803702,0.3514618,0.2471853,0.432513,1,329
0.779502,0.8042249,0.128977,0.1949766,0.2786462,0.3782442,0.1978216,0.1688688,2,330
0.6098518,0.009262256,0.7424466,0.5340686,0.1026837,0.6686427,0.3157266,0.6707839,3,331
0.7511951,0.8306446,0.1236076,0.6559523,0.4411627,0.6967279,0.796801,0.9269303,4,332
0.1149899,0.4007195,0.8040826,0.8054987,0.3042163,0.341916,0.09022681,0.3004124,5,333
0.3927604,0.3847942,0.2172811,0.6667172,0.6912465,0.0397436,0.908439,0.3903258,6,334
0.1603656,0.4277829,0.8961979,0.4264572,0.07771552,0.1738851,0.8239177,0.1984216,7,335
0.7568256,0.6686748,0.9026054,0.3790827,0.3375134,0.5425212,0.03772146,0.2419303,0,336
0.2911846,0.3588798,0.7485986,0.08390556,0.5590541,0.9348062,0.4431109,0.0454173,1,337
0.7319229,0.2422742,0.5254626,0.9881509,0.161049,0.1607597,0.3741864,0.6256865,2,338
0.4331175,0.2551586,0.02193771,0.06604425,0.2547903,0.4729174,0.3313967,0.1429923,3,339
0.2299268,0.5602388,0.3678827,0.5454716,0.300661,0.2948874,0.884626,0.7462118,4,340
0.7307157,0.6377122,0.838053,0.03998682,0.178987,0.4409116,0.5159857,0.5558254,5,341
0.8790568,0.9226727,0.4859622,0.6191445,0.719308,0.5067365,0.3602937,0.20546,6,342
0.9975859,0.4055179,0.1774632,0.3699035,0.7956516,0.6213158,0.7428004,0.2691061,7,343
0.8651484,0.7808416,0.1410858,0.03356505,0.07749989,0.6485801,0.1748151,0.2989457,0,344
0.954009,0.2997806,0.4904965,0.942014,0.4748425,0.4129941,0.3712925,0.1407328,1,345
0.5802742,0.4998604,0.6267756,0.3808248,0.8073093,0.758433,0.404334,0.2077736,2,346
0.3679517,0.5734549,0.2752161,0.3492514,0.0556042,0.7187231,0.4153266,0.8551367,3,347
0.6145958,0.07735442,0.3888578,0.1464527,0.2813379,0.9851523,0.8361771,0.826777,4,348
0.947387,0.7548142,0.7402372,0.2600908,0.141916,0.02504677,0.8123885,0.1815198,5,349
0.5800397,0.4727316,0.31549,0.298363,0.17571,0.004553167,0.1449279,0.2410064,6,350
0.7003506,0.2649646,0.3982755,0.6913717,0.550042,0.5413795,0.9950073,0.1563867,7,351
0.1064814,0.1471986,0.2163099,0.9085294,0.01640863,0.02713768,0.9067326,0.3458363,0,352
0.1977523,0.2838736,0.9032615,0.7983013,0.7072961,0.4313351,0.9812337,0.04993353,1,353
0.3015667,0.9312428,0.5981649,0.1239548,0.8348728,0.3479459,0.4004157,0.8866912,2,354
0.2318564,0.888536,0.7839319,0.0946537,0.6477164,0.3780581,0.06233611,0.967763,3,355
0.5035384,0.702757,0.4182549,0.6689786,0.4984052,0.1989709,0.5260916,0.5753939,4,356
0.2375521,0.09295333,0.5842672,0.6484557,0.4179083,0.3717944,0.06978182,0.354593,5,357
0.913049,0.008030947,0.1127645,0.4428974,0.3212236,0.8276215,0.722715,0.4770344,6,358
0.6354295,0.4604418,0.8029572,0.4226474,0.02771185,0.2351592,0.6203899,0.07419555,7,359
0.9179593,0.1142007,0.5511531,0.8421682,0.667545,0.05648227,0.06149921,0.8587434,0,360
0.1815061,0.5938314,0.9431453,0.7504286,0.2903932,0.3550689,0.3937653,0.7174367,1,361
0.7012243,0.7181592,0.9144854,0.6603866,0.4147939,0.3956036,0.9699433,0.2751888,2,362
0.7642289,0.392035,0.5303428,0.7989063,0.6665534,0.5503964,0.2690332,0.7582622,3,363
0.5174025,0.3354233,0.4945301,0.9958092,0.4640206,0.05134044,0.6202714,0.7913563,4,364
0.9935303,0.8630549,0.1164925,0.2119587,0.3220843,0.003390032,0.1652298,0.3177281,5,365
0.7343413,0.7884765,0.5162036,0.3189238,0.4324699,0.3178195,0.513896,0.05962794,6,366
0.7720271,0.08500165,0.6659311,0.8257955,0.1975097,0.04976875,0.8378214,0.8958347,7,367
0.7472785,0.642334,0.7894249,0.004678151,0.1433147,0.9329891,0.2418359,0.2489547,0,368
0.3698352,0.8784096,0.3168626,0.8444912,0.3478935,0.6488824,0.1986599,0.3452933,1,369
0.437365,0.553632,0.3658201,0.3674359,0.3683245,0.2490417,0.0006470294,0.2476156,2,370
0.688004,0.8661767,0.6393427,0.05127928,0.8642205,0.7147451,0.7557172,0.1840257,3,371
0.395578,0.1291084,0.440897,0.7728769,0.03292214,0.7068115,0.4578175,0.2663794,4,372
0.7085512,0.6130095,0.2669518,0.698723,0.1380958,0.1961349,0.8941589,0.3185317,5,373
0.7194422,0.6581487,0.9442999,0.2005668,0.1486944,0.2255052,0.1399638,0.1371273,6,374
0.1312253,0.07293671,0.5596758,0.2430744,0.2025623,0.5765404,0.06702415,0.1527265,7,375
0.6474813,0.6345547,0.702636,0.2396622,0.7527602,0.5594061,0.7331551,0.9714038,0,376
0.01216029,0.2172359,0.6090688,0.4898442,0.7491419,0.2590907,0.01190705,0.9206576,1,377
0.9012375,0.03603948,0.2459323,0.05519022,0.7364857,0.324308,0.8165065,0.5443547,2,378
0.07514492,0.7813858,0.7142954,0.09556995,0.700954,0.2383194,0.7345251,0.8573797,3,379
0.2362274,0.9681651,0.0147036,0.06278532,0.1289948,0.229618,0.8903938,0.1646212,4,380
0.3940937,0.392533,0.8960329,0.8477312,0.9770311,0.3838768,0.1166044,0.7871542,5,381
0.48842,0.6794887,0.7388189,0.6239367,0.7349615,0.9357073,0.5056536,0.5125442,6,382
0.8400685,0.6064046,0.4894163,0.6629526,0.3552013,0.892524,0.7494431,0.1539295,7,383
0.2108026,0.8592841,0.4255863,0.410236,0.3749956,0.1250689,0.570798,0.862797,0,384
0.7344447,0.1262919,0.137893,0.06204799,0.4157717,0.8826692,0.5198911,0.2748308,1,385
0.3609416,0.185141,0.5161811,0.4960005,0.6078085,0.4761633,0.1155761,0.5092797,2,386
0.6361687,0.4259641,0.2053814,0.7061024,0.03134908,0.2553383,0.3451012,0.882918,3,387
0.1043501,0.2958221,0.813306,0.1402379,0.8903976,0.3082082,0.64231,0.976918,4,388
0.6833717,0.8351772,0.3469297,0.008145073,0.5514176,0.9095846,0.02869536,0.8580488,5,389
0.5711753,0.3797484,0.4754746,0.3046272,0.6065383,0.2272205,0.8063627,0.8097338,6,390
0.01275581,0.8045982,0.6982549,0.619687,0.487818,0.2007997,0.5884591,0.1165177,7,391
0.8952193,0.4774915,0.3767669,0.8749863,0.6009418,0.5744891,0.3289627,0.424776,0,392
0.1363346,0.07385901,0.7841231,0.3208478,0.8559467,0.8458056,0.3353343,0.4927572,1,393
0.6094053,0.1013285,0.513634,0.486423,0.3836333,0.7706223,0.116119,0.5709156,2,394
0.4076924,0.03089854,0.227338,0.3563708,0.7933078,0.1952102,0.5631297,0.2279574,3,395
0.4768597,0.5559422,0.8801518,0.7236891,0.6650659,0.4730255,0.4131393,0.3503479,4,396
0.2519924,0.2065751,0.8481669,0.7304046,0.967425,0.4773858,0.9821454,0.426737,5,397
0.03152474,0.5304662,0.6407035,0.8243613,0.1822674,0.4410323,0.8007873,0.9907359,6,398
0.8178953,0.8495072,0.05967313,0.8494235,0.4991646,0.1961651,0.990346,0.2908546,7,399
0.6159011,0.04721601,0.6136525,0.557569,0.5626411,0.06572535,0.1796231,0.05431766,0,400
0.8078519,0.9349558,0.3761969,0.6967487,0.08257109,0.4203966,0.1402794,0.5590805,1,401
0.6336367,0.3173748,0.451623,0.1196561,0.7112061,0.06984857,0.768939,0.259619,2,402
0.3795728,0.1520079,0.9818378,0.842705,0.8448354,0.7606769,0.5905024,0.1717922,3,403
0.0004469792,0.2246397,0.6046537,0.9406171,0.7542257,0.3660547,0.8699071,0.4071597,4,404
0.8483505,0.7960197,0.2491651,0.7751971,0.2840017,0.5076269,0.9992692,0.9300243,5,405
0.2802844,0.4926901,0.4384206,0.3782834,0.837733,0.5289355,0.9283996,0.9204208,6,406
0.06073213,0.9318801,0.8376558,0.02964009,0.2512603,0.9669331,0.9302389,0.7209205,7,407
0.1313275,0.733649,0.03485698,0.6691981,0.3583177,0.5925964,0.7864033,0.8262402,0,408
0.4379267,0.9296451,0.6459287,0.5235131,0.06446233,0.9276885,0.8109539,0.9044901,1,409
0.5811787,0.1219467,0.9521505,0.2149826,0.7330823,0.2496312,0.2339891,0.6788307,2,410
0.7333397,0.6763887,0.6622126,0.1784977,0.411572,0.07905497,0.4648608,0.7027494,3,411
0.01142404,0.82468,0.2975655,0.589545,0.8433984,0.460356,0.4769962,0.2275939,4,412
0.5771392,0.7317903,0.9595267,0.4136804,0.3760734,0.4311315,0.1028035,0.924288,5,413
0.7890286,0.06184311,0.3926955,0.2162811,0.1921961,0.719714,0.2989501,0.7947242,6,414
0.579453,0.9102334,0.7072453,0.3280381,0.5781939,0.8858803,0.6999107,0.3539352,7,415
0.6756649,0.2976755,0.5958472,0.242254,0.4737461,0.2843182,0.1177383,0.579699,0,416
0.3657338,0.7081496,0.3180104,0.8404938,0.6158203,0.02855552,0.6010002,0.6344898,1,417
0.6314157,0.6263048,0.8437435,0.135508,0.703089,0.8236119,0.0184473,0.9644256,2,418
0.19732,0.0337803,0.7805448,0.1389919,0.5336915,0.4833004,0.3510749,0.2219398,3,419
0.8111649,0.4578767,0.9743755,0.01265102,0.8474811,0.0688023,0.8802689,0.6226147,4,420
0.5918411,0.1294842,0.05006016,0.714891,0.05658044,0.255709,0.1643694,0.7494056,5,421
0.9538596,0.7124191,0.2482673,0.1933344,0.4298362,0.5483347,0.9514335,0.1708713,6,422
0.2066495,0.2757214,0.4589131,0.5692922,0.631232,0.3911454,0.8062437,0.569479,7,423
0.8790329,0.7261522,0.01500341,0.6899634,0.8843402,0.701281,0.350921,0.4699474,0,424
0.1684345,0.2756473,0.7175251,0.7426376,0.3551412,0.9232451,0.9216511,0.8679754,1,425
0.4222258,0.7976255,0.5706389,0.6164569,0.3042215,0.2702254,0.3389021,0.1589807,2,426
0.03048466,0.5791724,0.7207191,0.7290564,0.9900209,0.04248082,0.8403246,0.5770742,3,427
0.6358955,0.1075366,0.8901469,0.262289,0.3442161,0.8772489,0.2542961,0.1017162,4,428
0.2093934,0.7969392,0.7443892,0.6808603,0.5724753,0.2761276,0.9449203,0.7169881,5,429
0.4776177,0.2242173,0.6288898,0.2678595,0.1445074,0.4934454,0.9972809,0.01815106,6,430
0.8596895,0.05023302,0.3988783,0.2050043,0.4021609,0.4670832,0.1322194,0.5190118,7,431
0.07148258,0.3739024,0.2987465,0.45308,0.3851436,0.009859083,0.1537811,0.2215188,0,432
0.358533,0.8730177,0.2958536,0.7968462,0.8351004,0.2281623,0.1132798,0.2205908,1,433
0.9460056,0.527774,0.3818195,0.6419919,0.2914246,0.6385804,0.6821837,0.6092791,2,434
0.4673351,0.954424,0.5594743,0.2372587,0.4476111,0.1074743,0.9941704,0.4744591,3,435
0.8213722,0.3639766,0.3263623,0.05579132,0.6791531,0.3951957,0.7118897,0.5271026,4,436
0.2505181,0.6880381,0.02570295,0.1977292,0.9853706,0.1563269,0.2238979,0.8584548,5,437
0.5029631,0.1151777,0.1285325,0.1626285,0.205582,0.4531339,0.5895234,0.6179522,6,438
0.3783954,0.8743278,0.04642823,0.5924743,0.7846941,0.9079614,0.5464717,0.705005,7,439
0.004085253,0.7655417,0.4686894,0.2305838,0.3679932,0.862735,0.8306244,0.08208449,0,440
0.3088447,0.7840918,0.6665453,0.2928787,0.5664895,0.7067532,0.890465,0.3844006,1,441
0.4420572,0.2375287,0.8047668,0.5514684,0.1643719,0.9988685,0.5785574,0.2739428,2,442
0.8685363,0.9732713,0.2492229,0.01657457,0.4890087,0.9563657,0.578889,0.5750873,3,443
0.8552351,0.799574,0.07235096,0.6523225,0.5961521,0.7858561,0.8067666,0.2126938,4,444
0.3746366,0.8335029,0.7149038,0.0704195,0.08465307,0.3684108,0.6932042,0.8409432,5,445
0.3457632,0.7026445,0.5817568,0.2591938,0.4391015,0.7415498,0.0678746,0.9337848,6,446
0.08105621,0.6312511,0.471632,0.9241219,0.8490897,0.2554892,0.3215446,0.4944075,7,447
0.01966714,0.9913817,0.08954793,0.1345547,0.2488805,0.4232265,0.5157898,0.2843621,0,448
0.311598,0.9058599,0.4928804,0.2575099,0.4431845,0.7710569,0.4923092,0.9384122,1,449
0.9365057,0.7902532,0.8901873,0.7142416,0.8047355,0.6299162,0.3532123,0.01586571,2,450
0.9716491,0.821611,0.5897433,0.06929693,0.5487899,0.5085151,0.2398889,0.006589155,3,451
0.411679,0.8292086,0.153231,0.1267704,0.26616,0.4315262,0.9002737,0.9632976,4,452
0.07634644,0.6009656,0.7510686,0.6356916,0.2185517,0.8573913,0.1459216,0.5525914,5,453
0.5150729,0.5124771,0.5396475,0.7100359,0.7444631,0.4715158,0.4457518,0.6951979,6,454
0.9321898,0.005034754,0.592545,0.8542227,0.5832372,0.5071266,0.879016,0.129258,7,455
0.8722465,0.2144186,0.61339,0.8894553,0.4321967,0.5294762,0.4375339,0.4345163,0,456
0.8116702,0.9414135,0.4545183,0.4585026,0.4173034,0.8890069,0.3027407,0.668544,1,457
0.7754368,0.8543844,0.4682746,0.2637833,0.4014945,0.2919302,0.979811,0.1000053,2,458
0.4186575,0.603891,0.2111238,0.6784154,0.2311172,0.5397868,0.6409753,0.3317541,3,459
0.3316416,0.2130032,0.1803028,0.2653869,0.7905817,0.04960695,0.5877869,0.02826152,4,460
0.007424202,0.08220506,0.9152307,0.6942016,0.1084591,0.9865267,0.338659,0.4472316,5,461
0.294499,0.6856355,0.3540757,0.9153648,0.1305307,0.8462553,0.3866078,0.1743275,6,462
0.6934046,0.3941384,0.1717313,0.6203266,0.4808679,0.9773952,0.7391206,0.3924416,7,463
0.9324358,0.2433331,0.2782302,0.449251,0.43056,0.3134909,0.4737529,0.8107046,0,464
0.7885751,0.5651411,0.7677937,0.7254373,0.3390508,0.8783172,0.8404116,0.5809751,1,465
0.2528962,0.4188682,0.134871,0.2605447,0.6411643,0.3536149,0.514389,0.1690712,2,466
0.1733212,0.5619698,0.6549829,0.8727578,0.4079359,0.8382492,0.6436368,0.3071501,3,467
0.01054514,0.4552924,0.7998499,0.737241,0.7917724,0.08389986,0.280596,0.6042825,4,468
0.2165109,0.4776395,0.5609776,0.7866781,0.1012339,0.1246035,0.01425245,0.1602448,5,469
0.1923692,0.585048,0.7986676,0.2400817,0.687777,0.5175593,0.875188,0.9097603,6,470
0.6707086,0.2556595,0.00740452,0.7799907,0.01883506,0.3832828,0.1559239,0.4855164,7,471
0.8406153,0.1469017,0.4011088,0.6733947,0.1538412,0.00148214,0.2862415,0.1603469,0,472
0.1593261,0.9512364,0.56332,0.8138466,0.05140454,0.3955659,0.656383,0.4016853,1,473
0.8336884,0.7292773,0.04935257,0.7382465,0.5557879,0.5839437,0.9422665,0.05606499,2,474
0.5759876,0.967984,0.6809909,0.8487654,0.02450422,0.79125,0.3545201,0.3237918,3,475
0.2072083,0.7480282,0.1618957,0.3023833,0.6052384,0.192463,0.7104783,0.5766637,4,476
0.6018279,0.7153544,0.5131636,0.3917732,0.1458046,0.9639401,0.8558211,0.429915,5,477
0.752082,0.2733176,0.1699539,0.1722783,0.8163643,0.8706194,0.97288,0.1188209,6,478
0.6617541,0.5900871,0.3137897,0.7682063,0.6176345,0.8608303,0.6012479,0.07205263,7,479
0.6466905,0.7798005,0.9639452,0.1560054,0.5970717,0.1380684,0.2123418,0.3899673,0,480
0.1227001,0.2501194,0.5459188,0.8413593,0.9660264,0.6993535,0.4493011,0.3732189,1,481
0.4568812,0.2270918,0.7083231,0.8092101,0.2844158,0.1578433,0.3290894,0.7265192,2,482
0.8897256,0.250047,0.6332799,0.4762959,0.9089988,0.1899482,0.2885311,0.4909714,3,483
0.217401,0.4097947,0.9543211,0.02521224,0.3398818,0.1543366,0.1106305,0.1425043,4,484
0.1434752,0.3209268,0.522954,0.6611922,0.623201,0.3499351,0.3632998,0.7723297,5,485
0.4128848,0.4746347,0.756932,0.4183316,0.1658834,0.3824461,0.5428801,0.958894,6,486
0.4078584,0.01245462,0.1460927,0.1700338,0.7819625,0.5393775,0.06309814,0.07748309,7,487
0.3560736,0.2243775,0.1655848,0.002913847,0.4494826,0.83608,0.9701074,0.8471606,0,488
0.3096539,0.3399955,0.8966413,0.8566058,0.4277052,0.5666393,0.1703807,0.6542954,1,489
0.9966663,0.2756923,0.5642109,0.2266449,0.3095021,0.4919578,0.9810059,0.07784517,2,490
0.1354399,0.533199,0.8612886,0.3730666,0.282782,0.6170827,0.04182833,0.2933594,3,491
0.2692422,0.5814953,0.8617842,0.6622909,0.4420786,0.9165934,0.4861531,0.7048007,4,492
0.1201239,0.2168623,0.1661709,0.0745854,0.4661782,0.5348271,0.8359922,0.5857382,5,493
0.1714594,0.04051221,0.9390189,0.4134263,0.6983573,0.329287,0.4814545,0.6145468,6,494
0.2865801,0.1325393,0.08983831,0.9797397,0.4983237,0.7933835,0.7558663,0.5772873,7,495
0.9548152,0.4620513,0.08018884,0.7086985,0.2788982,0.1182821,0.009042565,0.6870331,0,496
0.7414398,0.9121274,0.9175556,0.5235506,0.9990209,0.1654169,0.6120974,0.5208638,1,497
0.7520205,0.4169947,0.04662342,0.6022159,0.03406175,0.1359942,0.4592033,0.800839,2,498
0.2357531,0.7594486,0.3868513,0.6422387,0.9908147,0.4564681,0.6174278,0.2318472,3,499
0.06092634,0.6032528,0.6891745,0.06749083,0.3609755,0.6994656,0.81371,0.7901175,4,500
0.1914685,0.2536218,0.7651119,0.6204145,0.9855221,0.5371607,0.7915123,0.4920631,5,501
0.1167875,0.5824075,0.334134,0.6352515,0.4152492,0.0169433,0.7801588,0.962122,6,502
0.7993951,0.9960868,0.5470299,0.0982425,0.365441,0.2084508,0.5323734,0.1341377,7,503
0.1288791,0.563857,0.5866123,0.6047465,0.5981179,0.2164479,0.2589311,0.5767032,0,504
0.09661362,0.9446332,0.7132403,0.7897438,0.02544525,0.33229,0.7431346,0.3484024,1,505
0.4290788,0.7331504,0.4646758,0.9470075,0.02757228,0.52614,0.3799013,0.7870861,2,506
0.7999261,0.4792485,0.8170756,0.1459338,0.2789578,0.1805584,0.2876126,0.02194562,3,507
0.4976885,0.8810136,0.4032482,0.02078223,0.3237133,0.730513,0.6790981,0.7409865,4,508
0.06968189,0.8935599,0.4301717,0.5284567,0.7350743,0.1215166,0.9915078,0.0408411,5,509
0.9853484,0.1649035,0.7759615,0.348497,0.5173885,0.2966973,0.1334552,0.889906,6,510
0.3506722,0.561269,0.2111443,0.6418166,0.3387945,0.9553277,0.1481283,0.8324201,7,511
0.7618377,0.1831752,0.3133948,0.931431,0.1752319,0.6163116,0.2867349,0.4510534,0,512
0.6647518,0.2037581,0.1460312,0.4975349,0.4177833,0.8624058,0.5561174,0.1832108,1,513
0.4040129,0.2732421,0.23264,0.5652633,0.4158038,0.2878141,0.3523562,0.9926376,2,514
0.6942798,0.1166739,0.2076295,0.9875872,0.339931,0.1370933,0.7062998,0.1598249,3,515
0.4822204,0.9947914,0.01376711,0.8281907,0.9738087,0.08624837,0.3506231,0.03692551,4,516
0.8913038,0.04881215,0.6876953,0.1154604,0.8736242,0.453176,0.2598104,0.07718156,5,517
0.5040166,0.832881,0.2395192,0.03426382,0.0473839,0.354099,0.6414229,0.6223556,6,518
0.9395306,0.5655601,0.7385377,0.4782745,0.4457084,0.48978,0.6149933,0.1658687,7,519
0.5483628,0.7382806,0.6377487,0.5717109,0.8892223,0.9391424,0.9555041,0.6082873,0,520
0.7042016,0.3727312,0.1615824,0.6944532,0.000782548,0.5305218,0.1660951,0.5146165,1,521
0.758778,0.2245729,0.345957,0.01704911,0.2617491,0.5899362,0.9128022,0.9610636,2,522
0.09034601,0.7753999,0.7343629,0.7966624,0.1530313,0.6785536,0.4071925,0.5946064,3,523
0.7738627,0.2725466,0.9565504,0.3662195,0.5092219,0.4591801,0.3511214,0.05009651,4,524
0.2938122,0.8838742,0.8557723,0.598309,0.26264,0.5041966,0.6711079,0.1374259,5,525
0.307691,0.9866232,0.5778061,0.1438467,0.519133,0.02271202,0.615416,0.03991291,6,526
0.4389889,0.01406876,0.5391464,0.7305464,0.8582619,0.4544422,0.2015841,0.7923576,7,527
0.106179,0.3104374,0.5363055,0.8652104,0.2474242,0.8932786,0.04490545,0.1933945,0,528
0.2089214,0.344077,0.4790268,0.1559344,0.8848331,0.4192118,0.7617381,0.5079808,1,529
0.4816816,0.05895825,0.5460152,0.7307081,0.4668025,0.7950088,0.7200833,0.3681958,2,530
0.3551496,0.6095076,0.5387042,0.6683806,0.406693,0.6062162,0.05135418,0.2286404,3,531
0.2621826,0.02711061,0.04042786,0.608293,0.1896258,0.01394502,0.640518,0.2887889,4,532
0.2573293,0.8703794,0.799084,0.6402321,0.3806957,0.9704771,0.459477,0.7179429,5,533
0.6038819,0.2963557,0.5464451,0.7757866,0.6937647,0.1984352,0.6734672,0.6446249,6,534
0.3124601,0.3076844,0.6454186,0.8622165,0.3532205,0.2342513,0.2539078,0.8694065,7,535
0.9851649,0.008931043,0.6337597,0.8936635,0.247971,0.8022164,0.0222603,0.02457708,0,536
0.6878718,0.390576,0.9800626,0.9193167,0.7426694,0.9471739,0.9716308,0.6546841,1,537
0.09080005,0.05136211,0.8040792,0.4711042,0.459196,0.04084826,0.6072561,0.360525,2,538
0.2206317,0.2461353,0.8529304,0.7334194,0.0404729,0.5453222,0.6594042,0.03292061,3,539
0.06004745,0.5099965,0.4827081,0.626928,0.5463931,0.7735582,0.4593173,0.01443399,4,540
0.1309531,0.6722171,0.507633,0.6093011,0.6709212,0.7733405,0.7983603,0.8436852,5,541
0.04863392,0.5732841,0.2499295,0.2634604,0.3102991,0.2549154,0.1770016,0.08938988,6,542
0.4021796,0.1067748,0.9249579,0.04465033,0.6661334,0.5447357,0.6072217,0.04002469,7,543
0.9538047,0.07587516,0.5037943,0.344403,0.2058821,0.4518976,0.7461665,0.3805471,0,544
0.6512747,0.3685349,0.9213732,0.7261999,0.9381033,0.1020849,0.9008439,0.2267327,1,545
0.1932146,0.5754356,0.3076952,0.9348621,0.4687314,0.01174118,0.9667842,0.6407301,2,546
0.4950807,0.7843941,0.3440509,0.330218,0.0822357,0.3554135,0.6347524,0.3020741,3,547
0.9481957,0.6919965,0.3595534,0.6266177,0.3936222,0.625754,0.3930825,0.7833732,4,548
0.09142143,0.4022833,0.9881201,0.8661588,0.9769914,0.7814865,0.02722115,0.02622449,5,549
0.9034632,0.8675128,0.312469,0.9238248,0.04566694,0.1190477,0.9484813,0.6616741,6,550
0.6231969,0.5667506,0.8364693,0.4798896,0.3753638,0.7481859,0.2907037,0.1269598,7,551
0.1418671,0.6396976,0.5154432,0.6385135,0.03936058,0.6346855,0.2133108,0.8298755,0,552
0.4826506,0.6437901,0.2435559,0.6107219,0.3005636,0.6520975,0.7543725,0.3852813,1,553
0.1261909,0.3103088,0.6775057,0.9796416,0.06281517,0.4875072,0.4079427,0.7263943,2,554
0.3635477,0.2824622,0.6449746,0.9535581,0.5358968,0.8205608,0.4124797,0.4376675,3,555
0.7810352,0.8518898,0.6577514,0.6104953,0.9095089,0.3665021,0.550105,0.7805389,4,556
0.7646684,0.1899469,0.05857899,0.8767501,0.8180925,0.1361554,0.3413789,0.1836808,5,557
0.692116,0.8250281,0.2795645,0.3889275,0.4017053,0.4989409,0.5645642,0.2121093,6,558
0.6593444,0.320467,0.3492599,0.3122671,0.9527756,0.2755661,0.05463955,0.5779058,7,559
0.3289183,0.9755535,0.4481415,0.6705906,0.07823785,0.1717824,0.2921481,0.1902431,0,560
0.7325373,0.3025663,0.7759451,0.5292048,0.05483805,0.6771822,0.8707397,0.5665185,1,561
0.3802458,0.9067608,0.4575789,0.9643862,0.5716727,0.6420459,0.763873,0.1251683,2,562
0.6796455,0.9360938,0.4946388,0.7062923,0.781381,0.1808179,0.1761524,0.01274195,3,563
0.4239731,0.3626558,0.5967197,0.2862266,0.3127584,0.3073336,0.4819579,0.2350745,4,564
0.1091609,0.3384523,0.9932791,0.3422246,0.7291316,0.5392709,0.5900216,0.2499708,5,565
0.4358321,0.519858,0.6181814,0.4256132,0.5164363,0.7763257,0.01808758,0.09841219,6,566
0.8199927,0.462675,0.5307559,0.2394381,0.2592733,0.3555987,0.006018139,0.1315963,7,567
0.2995792,0.7360114,0.5512396,0.0699073,0.1217916,0.2156605,0.9210847,0.1610413,0,568
0.9930688,0.08428747,0.5105864,0.55515,0.3335274,0.7093047,0.7362378,0.7812527,1,569
0.9486198,0.06475072,0.1605217,0.9219089,0.2211979,0.9933194,0.6309731,0.0736545,2,570
0.1016036,0.1014016,0.1629536,0.6441474,0.6411157,0.7791542,0.1094378,0.4561264,3,571
0.06755447,0.08815651,0.7171583,0.7512845,0.1284219,0.9330909,0.34972,0.7014403,4,572
0.1312838,0.6235534,0.6449313,0.7696025,0.9555924,0.1141496,0.3426951,0.4437647,5,573
0.529022,0.6172137,0.9111193,0.2920643,0.1925808,0.9461064,0.9741451,0.9679849,6,574
0.4370835,0.3848604,0.01081174,0.1932241,0.3907096,0.2793766,0.8198944,0.4034024,7,575
0.756219,0.708887,0.2484756,0.446129,0.9929011,0.5230646,0.4875543,0.3866527,0,576
0.6879147,0.06676859,0.2991369,0.8265967,0.1392262,0.7459758,0.6055263,0.3489508,1,577
0.8869796,0.5950809,0.9184875,0.4586034,0.4555013,0.4396348,0.1281154,0.1831184,2,578
0.4853162,0.1369484,0.4671944,0.7099815,0.3110715,0.0255592,0.5601025,0.194796,3,579
0.09222425,0.6418847,0.1139496,0.301697,0.05011439,0.7629907,0.1629608,0.6315879,4,580
0.9769,0.399758,0.03965079,0.4641159,0.5435852,0.09710373,0.3841294,0.8472787,5,581
0.899646,0.4839008,0.5167367,0.1251424,0.8860133,0.5585414,0.4563981,0.7969342,6,582
0.2444653,0.5556105,0.06082839,0.5929136,0.7170438,0.5241222,0.0863711,0.6759684,7,583
0.4454997,0.7334415,0.8339121,0.4563435,0.9609623,0.6506153,0.3540118,0.4211824,0,584
0.8387985,0.8671281,0.1238655,0.9915806,0.6768439,0.6538596,0.735518,0.7272758,1,585
0.6510197,0.5485556,0.2547042,0.5999012,0.2893263,0.3627329,0.1456508,0.2887962,2,586
0.1216516,0.4475632,0.5970575,0.5255772,0.9929735,0.9803648,0.02798591,0.5959234,3,587
0.9111637,0.2273343,0.8688689,0.5328322,0.643776,0.08015325,0.1600613,0.09596438,4,588
0.3936673,0.6741056,0.7245814,0.3073604,0.8832444,0.04505253,0.857035,0.4583771,5,589
0.05052685,0.5843229,0.1695745,0.6243039,0.000475161,0.8173833,0.08202995,0.08840994,6,590
0.952675,0.9470283,0.9185246,0.3139241,0.3430874,0.2902727,0.3225142,0.1116355,7,591
0.8861867,0.6027254,0.2917803,0.8252546,0.9309179,0.3506918,0.5288653,0.9429369,0,592
0.9157575,0.1378644,0.3123741,0.1916061,0.3894642,0.7221313,0.1611181,0.4213122,1,593
0.2111696,0.4124415,0.3320482,0.2580644,0.5814084,0.003811093,0.2565733,0.02217503,2,594
0.1984957,0.207322,0.2158805,0.9915385,0.02509741,0.6926951,0.8057241,0.05520497,3,595
0.2813934,0.711396,0.1462769,0.6347975,0.9539863,0.1584008,0.09241501,0.3848064,4,596
0.1135013,0.5010264,0.3157586,0.129754,0.6077488,0.4967982,0.5534332,0.9300354,5,597
0.6873895,0.3004263,0.9302271,0.5438929,0.9770055,0.6032631,0.4046656,0.4389771,6,598
0.3629272,0.2398084,0.8770836,0.1871448,0.4460326,0.6931944,0.546161,0.5914137,7,599
0.3814414,0.9161354,0.7204645,0.1407973,0.9889112,0.1688625,0.4133455,0.2331954,0,600
0.7194898,0.4189359,0.6979997,0.7444112,0.8714882,0.6596311,0.6266847,0.8630611,1,601
0.2106564,0.7071149,0.594881,0.3705003,0.213596,0.4734257,0.2290227,0.4344247,2,602
0.05835841,0.3914606,0.5560754,0.5130592,0.5350384,0.670629,0.7736477,0.9470117,3,603
0.8157665,0.7835814,0.7186246,0.5406442,0.9816444,0.4665021,0.6568651,0.3080188,4,604
0.4473982,0.3621587,0.9473583,0.7766711,0.8583468,0.7595728,0.2747192,0.8450634,5,605
0.3145728,0.1569089,0.9964333,0.6835524,0.07604412,0.8038139,0.881202,0.7435759,6,606
0.04078171,0.7995374,0.2021533,0.7419139,0.5629795,0.6076609,0.90852,0.6239983,7,607
0.4789382,0.2363558,0.4875965,0.9543265,0.1434517,0.434072,0.9014424,0.2097022,0,608
0.3978012,0.9507839,0.1414061,0.06070696,0.4766995,0.0494297,0.9201845,0.4407825,1,609
0.8642059,0.1695863,0.1579276,0.6316754,0.4723063,0.9608291,0.07574479,0.8457541,2,610
0.3389416,0.8471764,0.07917541,0.7975262,0.6108729,0.5775186,0.9179915,0.8796844,3,611
0.2544327,0.3580372,0.9770697,0.739338,0.7036851,0.7268199,0.8495387,0.8399537,4,612
0.06272557,0.9482648,0.5299703,0.7959953,0.422399,0.3234057,0.9081293,0.7333035,5,613
0.5245255,0.8262053,0.07923536,0.2543686,0.8240579,0.6936964,0.6581515,0.439789,6,614
0.363948,0.7133173,0.3674814,0.5904503,0.3307644,0.7094302,0.09731075,0.5409619,7,615
0.3888016,0.5941831,0.5074,0.5098072,0.3534407,0.5643381,0.02866892,0.1449611,0,616
0.6129673,0.9241992,0.6540599,0.3403507,0.347142,0.800474,0.2321534,0.9884084,1,617
0.5411517,0.359835,0.2231055,0.2099243,0.6069692,0.5879928,0.2080187,0.373324,2,618
0.2965851,0.462684,0.4690111,0.7011235,0.3393469,0.7536734,0.3290058,0.1573993,3,619
0.2833327,0.4464914,0.5148209,0.6951233,0.8378435,0.9790819,0.888781,0.559696,4,620
0.6866872,0.7582344,0.8366438,0.0795949,0.3027248,0.32934,0.2909558,0.929149,5,621
0.08405712,0.1459997,0.348114,0.03243757,0.6836931,0.0776241,0.9818198,0.4744982,6,622
0.9697714,0.3392074,0.4952867,0.8164463,0.5238221,0.5793897,0.4476893,0.9985864,7,623
0.06077415,0.6302591,0.9183083,0.8539114,0.8920714,0.5123906,0.9118573,0.8479362,0,624
0.4199934,0.8039825,0.04670953,0.9510769,0.1844708,0.7210181,0.2572426,0.9565244,1,625
0.922659,0.9308546,0.2486071,0.7695171,0.7406391,0.5579926,0.5103039,0.1081987,2,626
0.652396,0.2560537,0.189197,0.7835423,0.6252508,0.6499555,0.577517,0.485945,3,627
0.1306662,0.9565433,0.4254177,0.6775548,0.2980731,0.4981843,0.8992566,0.7058284,4,628
0.09515242,0.9177521,0.954537,0.6124161,0.1389952,0.1753672,0.7373492,0.6345335,5,629
0.8712311,0.4276786,0.9249877,0.2594031,0.7448024,0.5290409,0.7992977,0.1642347,6,630
0.8997047,0.8075632,0.8713381,0.3184469,0.5403873,0.8286217,0.07735494,0.6578988,7,631
0.396873,0.8712508,0.5978851,0.755839,0.3764341,0.2840587,0.9605067,0.049452,0,632
0.7588704,0.4590782,0.9394141,0.7057747,0.0359941,0.0391042,0.9863025,0.2434558,1,633
0.5514422,0.7840067,0.9620219,0.5813462,0.3881173,0.09648038,0.3130414,0.3772304,2,634
0.5102948,0.4991965,0.006228046,0.5869352,0.5399087,0.06799591,0.6629322,0.4714468,3,635
0.1429759,0.2569635,0.587215,0.6439367,0.8630648,0.9561499,0.5818762,0.4739757,4,636
0.4695058,0.5919366,0.2731499,0.7830651,0.7343727,0.1041302,0.09478772,0.9894634,5,637
0.2754867,0.329359,0.5451854,0.1514079,0.3893191,0.564831,0.2283929,0.9774989,6,638
0.03815282,0.2962507,0.8842654,0.6426459,0.890227,0.06850655,0.09206505,0.1786041,7,639
0.9310243,0.8113983,0.8581763,0.4853097,0.948444,0.7270647,0.7903109,0.9399031,0,640
0.3825919,0.6827421,0.6996652,0.2765682,0.3072375,0.6241637,0.6947981,0.4008814,1,641
0.3724471,0.2139154,0.1708172,0.499012,0.1223155,0.6767696,0.314044,0.9751976,2,642
0.2546748,0.1617168,0.8377597,0.862259,0.4971261,0.541776,0.6046731,0.878372,3,643
0.1035742,0.2398343,0.7742894,0.5994743,0.3558397,0.2081542,0.6205371,0.8223135,4,644
0.5355084,0.5795142,0.475403,0.5013364,0.8695051,0.6878802,0.2689885,0.1338281,5,645
0.2511666,0.1025847,0.2262302,0.1321707,0.1942144,0.2320587,0.0246444,0.3874296,6,646
0.2077058,0.7200223,0.4768445,0.1425585,0.5918687,0.7198926,0.01147786,0.03687065,7,647
0.4545782,0.2656748,0.0388921,0.4377135,0.1492313,0.7512567,0.9283869,0.6366934,0,648
0.7704015,0.8401297,0.7352006,0.7778509,0.6981593,0.416377,0.8783417,0.8513762,1,649
0.03848834,0.3305582,0.5107529,0.7955539,0.2694879,0.6151591,0.8779381,0.6421192,2,650
0.6533138,0.1065174,0.3170601,0.2096005,0.05636591,0.2011479,0.6577479,0.7960406,3,651
0.9933603,0.7172875,0.4515767,0.4969805,0.3146452,0.2867586,0.7990702,0.8394804,4,652
0.9825137,0.2492366,0.5291156,0.8243251,0.0918026,0.3011861,0.8509754,0.8916991,5,653
0.839673,0.8680311,0.6559705,0.05628422,0.3754079,0.08760381,0.3715746,0.5647942,6,654
0.9454842,0.9808395,0.6674716,0.04786489,0.5242769,0.1771244,0.7136133,0.9324025,7,655
0.2095389,0.7470036,0.1200135,0.7342241,0.9371635,0.5060999,0.5287975,0.3310993,0,656
0.2667009,0.3699577,0.9765508,0.5463152,0.9701861,0.044469,0.6742534,0.7128426,1,657
0.9453293,0.8260818,0.2399582,0.7901239,0.2854136,0.1605795,0.5678274,0.648625,2,658
0.38473,0.7904738,0.476971,0.5352482,0.3504594,0.7843295,0.6194853,0.9548493,3,659
0.0778887,0.008383411,0.6672491,0.6924505,0.6894256,0.3261973,0.2822296,0.08598293,4,660
0.6433029,0.5773097,0.6026165,0.9981965,0.733757,0.4865588,0.90678,0.966306,5,661
0.416409,0.4886623,0.8197075,0.2651683,0.3944471,0.09292244,0.542273,0.1862335,6,662
0.2202139,0.6682301,0.6806231,0.4932745,0.3132096,0.9832038,0.7238668,0.05813284,7,663
0.9472779,0.5974612,0.4660559,0.3372354,0.5148923,0.8790167,0.6011229,0.363232,0,664
0.2354735,0.4677698,0.4930293,0.5019125,0.9757112,0.3970094,0.001546816,0.2645591,1,665
0.6890467,0.700026,0.6906968,0.7218677,0.1236837,0.6806945,0.7617845,0.7595767,2,666
0.9226627,0.6152503,0.4890814,0.3714586,0.997853,0.03194341,0.7847853,0.6648862,3,667
0.3800419,0.6091681,0.8790631,0.1809725,0.5674175,0.8815823,0.3994338,0.236384,4,668
0.9238043,0.7708605,0.2063952,0.500738,0.3973628,0.5327989,0.5366189,0.548217,5,669
0.8798625,0.1430157,0.7455055,0.368844,0.8562925,0.1968473,0.5722578,0.5509018,6,670
0.3124039,0.1166654,0.6234682,0.5074849,0.4419656,0.3475815,0.09865059,0.6489606,7,671
0.09879024,0.2157887,0.880681,0.9770834,0.0558468,0.4602666,0.07471861,0.6297157,0,672
0.7990135,0.7600398,0.05096934,0.4778494,0.572926,0.06996913,0.2824261,0.2022978,1,673
0.2864156,0.4895391,0.4670572,0.1656685,0.05606149,0.4253471,0.4502413,0.8984175,2,674
0.6684961,0.06804471,0.1749381,0.128603,0.8033584,0.4296458,0.787982,0.2813066,3,675
0.2704768,0.4629095,0.6747133,0.8007526,0.3336681,0.8876758,0.2886967,0.5232941,4,676
0.9227109,0.8752398,0.5495822,0.6165139,0.2380945,0.3970171,0.6938533,0.1024387,5,677
0.6872202,0.1373632,0.8221482,0.6866556,0.0220889,0.0917675,0.6555077,0.3694376,6,678
0.5671737,0.9264004,0.6159534,0.1389205,0.7333283,0.3462606,0.9881078,0.4482463,7,679
0.4231181,0.08829558,0.09274149,0.9639865,0.06682004,0.6984242,0.02329388,0.9695221,0,680
0.4970037,0.6080347,0.914807,0.5813338,0.8902719,0.4682202,0.7832252,0.1116515,1,681
0.1067805,0.9062109,0.808064,0.0398465,0.8192812,0.7546759,0.1279131,0.9899972,2,682
0.86028,0.8107251,0.4283261,0.1244114,0.5065507,0.324312,0.7844085,0.4074291,3,683
0.2407397,0.6855701,0.8430653,0.9172408,0.7182665,0.3216968,0.218614,0.4578353,4,684
0.919713,0.4075186,0.6442957,0.9178119,0.9358946,0.3339296,0.5791796,0.8053961,5,685
0.8056199,0.8697709,0.6359405,0.4042126,0.437591,0.9358354,0.4241515,0.8692694,6,686
0.176423,0.1476983,0.437698,0.4650094,0.99354,0.3885918,0.6013802,0.6440692,7,687
0.1066969,0.827956,0.2399931,0.3219317,0.05197179,0.8669552,0.5299628,0.3726918,0,688
0.9585184,0.9514487,0.04735568,0.5137356,0.8326188,0.5546802,0.7860442,0.3951513,1,689
0.6828343,0.7530652,0.1269948,0.7000809,0.7881189,0.9162271,0.8927144,0.7393705,2,690
0.6095542,0.6688762,0.1045112,0.4017596,0.8035244,0.0991697,0.4802798,0.2682017,3,691
0.3976525,0.5125959,0.8459158,0.9819307,0.3158121,0.2743345,0.9075493,0.5289096,4,692
0.2232353,0.6075161,0.5117382,0.1643041,0.5317137,0.3461526,0.6716275,0.9792903,5,693
0.2814966,0.5929925,0.3501402,0.6251008,0.7851659,0.5043863,0.06953807,0.749032,6,694
0.1721316,0.1665414,0.6434365,0.5554699,0.2232032,0.4199667,0.9018413,0.2240492,7,695
0.8638654,0.306496,0.4884402,0.2937795,0.9532625,0.8407776,0.5549361,0.1451396,0,696
0.5197842,0.4534814,0.3925865,0.5055981,0.9476267,0.160769,0.5910582,0.3706974,1,697
0.7312096,0.6944284,0.5130175,0.5499393,0.9958812,0.194799,0.873648,0.8807195,2,698
0.9252719,0.9628049,0.1370748,0.8852961,0.7245255,0.7815555,0.5873975,0.3704844,3,699
0.6424362,0.978228,0.7617447,0.8729521,0.7551653,0.8665875,0.2534935,0.4955294,4,700
0.8808424,0.348325,0.2582708,0.8822555,0.7829289,0.6083237,0.1856774,0.4048624,5,701
0.6941168,0.6733196,0.5909851,0.7911733,0.07869174,0.4124528,0.1563516,0.9150861,6,702
0.7202609,0.5021206,0.1203638,0.3109155,0.01892257,0.3905351,0.3541657,0.9325137,7,703
0.7348698,0.638989,0.2015035,0.1117723,0.2880216,0.5100077,0.03212432,0.4671299,0,704
0.575448,0.9557899,0.8652968,0.8715935,0.2896771,0.6087255,0.5312176,0.7806731,1,705
0.1521588,0.01351913,0.0223004,0.856615,0.07068615,0.7275146,0.9901718,0.5442783,2,706
0.8810734,0.6962774,0.2210912,0.3283309,0.09647084,0.4464848,0.8205376,0.1693078,3,707
0.4536176,0.559163,0.8752007,0.2624616,0.7966292,0.9781705,0.2753826,0.515669,4,708
0.7130609,0.2487657,0.06495767,0.2337656,0.1075361,0.1805321,0.50686,0.7684907,5,709
0.7064772,0.5696353,0.4178359,0.2863595,0.5362039,0.3367507,0.9399779,0.4525765,6,710
0.9949247,0.1030191,0.6207544,0.7328817,0.5513737,0.5851208,0.1744758,0.006426153,7,711
0.2900161,0.4076366,0.9317276,0.7111484,0.3058793,0.7343931,0.3684029,0.376214,0,712
0.1752689,0.9535745,0.5155726,0.2824819,0.09562603,0.6345051,0.03329451,0.7994059,1,713
0.775704,0.9974537,0.8670636,0.415524,0.4748636,0.6238366,0.08502834,0.2456331,2,714
0.1271333,0.4197069,0.7742363,0.6682477,0.8756977,0.005984542,0.1537938,0.8917119,3,715
0.7507836,0.1616002,0.9680529,0.1966239,0.990362,0.1977288,0.2944351,0.6587658,4,716
0.9594849,0.3978314,0.6445749,0.1897918,0.1542888,0.4921144,0.8599102,0.3152132,5,717
0.2381948,0.9585793,0.2935821,0.8961448,0.01993876,0.2540398,0.982881,0.004961644,6,718
0.8410302,0.6413713,0.663592,0.1287477,0.9779166,0.8455781,0.7085473,0.2336444,7,719
0.7244008,0.006777078,0.8324346,0.3311327,0.4929537,0.02237774,0.564247,0.8609532,0,720
0.9813023,0.8185298,0.4745098,0.3670551,0.3817388,0.0226265,0.2236158,0.4105817,1,721
0.1507493,0.2887247,0.4640488,0.3611814,0.9737267,0.6134765,0.3500173,0.8431762,2,722
0.0561961,0.8299071,0.833385,0.6683665,0.5195493,0.7512708,0.3246466,0.9628131,3,723
0.5610412,0.5875596,0.7747929,0.9409454,0.3137253,0.3033483,0.457493,0.6452919,4,724
0.8499441,0.2640454,0.1606926,0.1719974,0.8557449,0.6053657,0.3574193,0.3292433,5,725
0.9762851,0.2919854,0.6599358,0.8638549,0.6900498,0.7638854,0.7410516,0.48268,6,726
0.2625601,0.02252684,0.8682988,0.7156601,0.6203818,0.7893819,0.04876818,0.0580247,7,727
0.800572,0.9704341,0.04575518,0.9520484,0.4179854,0.4703369,0.5445856,0.02513536,0,728
0.7192085,0.3017045,0.2571719,0.908704,0.5703641,0.7008702,0.3328213,0.5507184,1,729
0.3344345,0.7317101,0.4031003,0.5953871,0.1427197,0.399567,0.4741389,0.2572008,2,730
0.9834711,0.4849547,0.8162711,0.4388231,0.5275356,0.5053896,0.5377579,0.3362263,3,731
0.09980897,0.3602288,0.2983354,0.2085901,0.4617905,0.8176642,0.47736,0.7719566,4,732
0.6695829,0.2698257,0.8764496,0.5266618,0.6740639,0.2677068,0.2292607,0.4683117,5,733
0.3958152,0.06519349,0.8450534,0.5089562,0.2384075,0.4622864,0.6788889,0.3281031,6,734
0.0847014,0.6551117,0.1239006,0.1008292,0.8005285,0.4062823,0.8886408,0.3328862,7,735
0.8976054,0.6502405,0.2681193,0.329673,0.9832558,0.1196265,0.7377589,0.4750555,0,736
0.3935447,0.3990139,0.7298392,0.07637011,0.08728644,0.3903377,0.4162178,0.0008164006,1,737
0.9009271,0.2102928,0.3675949,0.6891501,0.2069261,0.5461724,0.3530305,0.08657467,2,738
0.2365027,0.5551367,0.1180556,0.56533,0.8526732,0.8095532,0.003344939,0.8066082,3,739
0.03471226,0.7496841,0.2489686,0.701535,0.2478289,0.3715905,0.7256578,0.8705612,4,740
0.6648138,0.04128168,0.5451087,0.2032866,0.08177327,0.677511,0.4429672,0.5611724,5,741
0.4983525,0.8433588,0.9874054,0.4274294,0.6976195,0.00693913,0.8962142,0.8889413,6,742
0.973285,0.1607005,0.966235,0.5673175,0.5750661,0.2578044,0.351325,0.7527765,7,743
0.04803227,0.600457,0.8120149,0.616435,0.2709199,0.8629043,0.5337895,0.7599023,0,744
0.0488871,0.1142099,0.3152944,0.5475211,0.9470237,0.02612021,0.5727955,0.9988109,1,745
0.9959459,0.03599513,0.3452038,0.300275,0.9790288,0.8150456,0.4422897,0.09754171,2,746
0.3828127,0.4097388,0.361625,0.8947857,0.7664961,0.5328808,0.3945119,0.6759924,3,747
0.2950951,0.8482293,0.5817457,0.9940091,0.01075818,0.1546977,0.3089478,0.8718517,4,748
0.5262882,0.4631956,0.6283075,0.7902032,0.7415001,0.2982813,0.4465917,0.9976926,5,749
0.7547192,0.596199,0.2065277,0.9050766,0.8990618,0.04081829,0.7709824,0.03732488,6,750
0.1467949,0.9653338,0.06889414,0.5998033,0.02517209,0.5052677,0.5654049,0.4488178,7,751
0.9643868,0.5698608,0.4964568,0.1114587,0.690395,0.9695445,0.121106,0.01859265,0,752
0.09078173,0.1699049,0.1023737,0.6895416,0.01908362,0.821061,0.9467561,0.3755009,1,753
0.03007178,0.1367164,0.6938625,0.4928043,0.9636815,0.2119782,0.7355221,0.07009204,2,754
0.462649,0.4314215,0.43448,0.1572037,0.03587655,0.4095412,0.982913,0.1967479,3,755
0.6739306,0.02499904,0.6435546,0.8474838,0.1424939,0.7719573,0.8443288,0.7829016,4,756
0.779997,0.834914,0.760192,0.1002801,0.01467021,0.5158055,0.06054558,0.9289007,5,757
0.9222503,0.2152631,0.4850943,0.5332986,0.4302768,0.4345739,0.910488,0.6700038,6,758
0.3539065,0.4188847,0.3274373,0.2381266,0.3700429,0.06335881,0.3861724,0.166306,7,759
0.2556168,0.02759427,0.1671511,0.895392,0.9086587,0.2697884,0.9903303,0.02322296,0,760
0.8648431,0.9277621,0.8561091,0.2565954,0.2902046,0.3290569,0.4390891,0.1925447,1,761
0.3866284,0.8701118,0.2863389,0.7087027,0.6537019,0.6980468,0.4850866,0.6344287,2,762
0.7653508,0.770619,0.4926678,0.3299495,0.3091483,0.3099091,0.6856732,0.2166719,3,763
0.6927204,0.2434987,0.7851368,0.0200025,0.988222,0.256645,0.9502457,0.9504883,4,764
0.5944147,0.6607549,0.3664246,0.3625786,0.3944197,0.2515796,0.4844217,0.1133836,5,765
0.3181086,0.8906767,0.9712942,0.9735407,0.8415959,0.06549158,0.6019035,0.3069244,6,766
0.0163662,0.04984751,0.99259,0.1313249,0.8848552,0.317938,0.4197043,0.09803004,7,767
0.6755639,0.1868252,0.6330774,0.04983028,0.07002682,0.4997063,0.03358756,0.8408888,0,768
0.3127379,0.3688622,0.07649354,0.1756395,0.3335138,0.9058766,0.02010586,0.7871708,1,769
0.2404935,0.1509502,0.09412704,0.8666791,0.7840417,0.3538319,0.2931506,0.1357688,2,770
0.3164979,0.1286464,0.2342628,0.5218121,0.9617665,0.08071079,0.210638,0.1946661,3,771
0.3998028,0.4081766,0.6586725,0.8062951,0.3935882,0.01453121,0.6930048,0.5259864,4,772
0.02496686,0.5422962,0.1132743,0.6889844,0.5780414,0.6919535,0.2090713,0.7620069,5,773
0.744474,0.5136326,0.1538573,0.906023,0.9925846,0.01625877,0.7965022,0.2998616,6,774
0.7866606,0.01281095,0.2067202,0.2379098,0.5947116,0.831564,0.8772466,0.6800601,7,775
0.9556666,0.7261627,0.8448141,0.8430169,0.1358932,0.913533,0.05326067,0.5008098,0,776
0.9362898,0.4205227,0.5881784,0.2289019,0.8889288,0.8968161,0.4499698,0.03724232,1,777
0.5287684,0.8211498,0.9487184,0.530071,0.8657718,0.6177174,0.8291378,0.3148682,2,778
0.8539544,0.03678726,0.3480119,0.7207296,0.07774646,0.8870476,0.596965,0.111146,3,779
0.499476,0.2053671,0.7155079,0.5146944,0.09822678,0.4141908,0.05838018,0.6997934,4,780
0.1029827,0.7427172,0.9198191,0.7369893,0.4579156,0.3263634,0.6729137,0.1745108,5,781
0.4236198,0.1220147,0.9821888,0.9524819,0.1995716,0.849524,0.4502844,0.6709822,6,782
0.6632023,0.2487644,0.7576725,0.0241918,0.06958006,0.5680546,0.08601887,0.4833113,7,783
0.8110183,0.5642616,0.2181906,0.1841404,0.3024879,0.2768882,0.513677,0.3596222,0,784
0.3223705,0.7464162,0.8202397,0.5880719,0.5680857,0.3721343,0.7031435,0.9888659,1,785
0.8045206,0.7393387,0.4308165,0.7808482,0.4838288,0.9423304,0.5938333,0.7841665,2,786
0.6678051,0.06455648,0.2589326,0.745486,0.601244,0.0121697,0.6432616,0.6409795,3,787
0.4807076,0.1291424,0.09749565,0.0238824,0.3652679,0.6895041,0.2755093,0.04500542,4,788
0.8197842,0.06170018,0.6064339,0.8334262,0.7656,0.1625038,0.4036704,0.663669,5,789
0.8069272,0.6272338,0.5697409,0.8769252,0.5568411,0.496176,0.4072649,0.4562374,6,790
0.3665392,0.9598347,0.6874619,0.3553218,0.1817334,0.7150877,0.6356252,0.9436696,7,791
0.2580904,0.5968626,0.85302,0.8307961,0.9826911,0.1765724,0.1111732,0.833454,0,792
0.9993397,0.3021314,0.9443992,0.035409,0.1313294,0.5437535,0.4141183,0.9967397,1,793
0.5710616,0.2149639,0.326368,0.8115565,0.3667921,0.4176424,0.9495167,0.9406425,2,794
0.8427339,0.02294247,0.1242193,0.1639299,0.5821682,0.4444816,0.07367308,0.7252209,3,795
0.8046967,0.5645419,0.3625044,0.8902457,0.0113737,0.3370692,0.5543712,0.3510424,4,796
0.5609261,0.9292569,0.1651907,0.878679,0.2871235,0.07783956,0.6241426,0.362018,5,797
0.09705281,0.8315586,0.6665427,0.270953,0.6809447,0.5693445,0.7332227,0.9500854,6,798
0.5389294,0.8597069,0.2265418,0.1546776,0.6225389,0.3068328,0.778833,0.1038339,7,799
0.1829235,0.6390712,0.1578923,0.5570307,0.968378,0.9275954,0.7890702,0.3441318,0,800
0.5977027,0.6697615,0.3352623,0.9309617,0.4866385,0.8951909,0.2286341,0.3046941,1,801
0.0452637,0.6553987,0.5369377,0.2948287,0.2177089,0.5061042,0.3833131,0.604487,2,802
0.912394,0.7215084,0.9605767,0.1051315,0.3596428,0.4465132,0.9377912,0.06786846,3,803
0.8961377,0.2492898,0.7475516,0.3256337,0.411637,0.4941242,0.3347814,0.2206144,4,804
0.01474263,0.916706,0.7907915,0.9763446,0.7806533,0.8293535,0.1510963,0.9613769,5,805
0.3380553,0.4617088,0.2845227,0.5073321,0.09753882,0.3740561,0.1118165,0.7085555,6,806
0.2887,0.5979861,0.6795726,0.9260265,0.1926027,0.6343286,0.3865007,0.3454738,7,807
0.3385185,0.6866168,0.5360623,0.5018511,0.3867712,0.3183281,0.9940522,0.1653187,0,808
0.4474311,0.2135486,0.2989655,0.3044814,0.4657304,0.7145112,0.9992009,0.1916607,1,809
0.1640318,0.9496937,0.8552722,0.08232385,0.7875618,0.8890105,0.8983487,0.8679536,2,810
0.4070668,0.4103283,0.7358776,0.5074951,0.4077341,0.298765,0.621397,0.3870687,3,811
0.1146932,0.7060571,0.0574209,0.191869,0.4768651,0.6323482,0.7625087,0.8584378,4,812
0.5251513,0.4348956,0.7939402,0.4395868,0.2204248,0.7637037,0.9163927,0.9780584,5,813
0.3631769,0.3877457,0.3406055,0.5588028,0.8752854,0.8409986,0.4506692,0.689817,6,814
0.1471644,0.929517,0.01367765,0.4789796,0.5615306,0.8584214,0.1251671,0.004959183,7,815
0.2042491,0.1786423,0.2362003,0.4139441,0.4251307,0.4084506,0.9093807,0.4848129,0,816
0.5394824,0.9449849,0.4688292,0.8571169,0.6435145,0.1964326,0.6453224,0.8478048,1,817
0.385564,0.7126331,0.6874208,0.08482149,0.6482024,0.3670131,0.5004829,0.5074223,2,818
0.003787131,0.5784177,0.2882815,0.8361198,0.3213198,0.3240686,0.6154801,0.03318147,3,819
0.7869325,0.1882021,0.2774618,0.5006867,0.643799,0.306728,0.6094545,0.1071059,4,820
0.4971908,0.1628001,0.6212966,0.4484861,0.8499995,0.1430867,0.3513623,0.5539339,5,821
0.0158568,0.9113246,0.06542343,0.2670768,0.7343591,0.8150435,0.8895497,0.03623931,6,822
0.5332048,0.6933023,0.3743519,0.3789383,0.9724048,0.6302653,0.4389127,0.02826439,7,823
0.9925843,0.6002978,0.4452145,0.6678454,0.2435579,0.3179801,0.7534597,0.1400937,0,824
0.8237291,0.2122612,0.07414658,0.3302152,0.04510889,0.4866537,0.8927872,0.7019044,1,825
0.6732913,0.7848059,0.2619616,0.2841604,0.8280271,0.3929849,0.7931518,0.5956583,2,826
0.2428034,0.4327871,0.7631488,0.1714792,0.9663664,0.450558,0.508342,2.796014e-05,3,827
0.1564894,0.09737507,0.5854487,0.9864352,0.07695175,0.0262892,0.8258103,0.1060676,4,828
0.3386846,0.4912778,0.3189877,0.4853987,0.1919878,0.7795765,0.2877587,0.4986548,5,829
0.3656428,0.01187513,0.1691476,0.3649725,0.0538712,0.09040201,0.3185723,0.1041034,6,830
0.8699564,0.09557866,0.846723,0.5487989,0.647625,0.3643121,0.7860407,0.6697938,7,831
0.2185251,0.9071005,0.5975552,0.4383104,0.5981944,0.1473154,0.6603965,0.1938953,0,832
0.4908423,0.08798426,0.5032575,0.8229296,0.9192288,0.9176535,0.8537319,0.06596278,1,833
0.7296906,0.7295743,0.9084243,0.09873997,0.04893717,0.2804311,0.3937407,0.9596574,2,834
0.6908709,0.8081324,0.7821552,0.6996086,0.7951718,0.3036418,0.6301959,0.3200684,3,835
0.585355,0.8820726,0.9252358,0.2762998,0.7510504,0.9022759,0.6096783,0.2972689,4,836
0.8229525,0.4154684,0.5601973,0.7841371,0.7647781,0.2411117,0.6719289,0.3560376,5,837
0.7255619,0.3591312,0.9349144,0.8866635,0.8840753,0.2320775,0.1153887,0.5398281,6,838
0.4696763,0.4367522,0.6682618,0.7090195,0.8590951,0.3675386,0.189281,0.07239576,7,839
0.7459151,0.9463534,0.07973234,0.6440374,0.596691,0.4206215,0.3112937,0.4881338,0,840
0.1525341,0.8705194,0.6006163,0.3076666,0.07325403,0.9230137,0.3121145,0.7540464,1,841
0.966274,0.9086357,0.1123168,0.0683467,0.2529849,0.01578775,0.8626517,0.3442877,2,842
0.8802563,0.196237,0.4317488,0.04156018,0.9333978,0.01840571,0.5501626,0.7490665,3,843
0.7720127,0.01604218,0.8517271,0.1049401,0.4300845,0.1495368,0.03757649,0.2445364,4,844
0.0385327,0.2983136,0.392338,0.603075,0.1889983,0.586524,0.5421875,0.3179246,5,845
0.03767157,0.7085999,0.9505062,0.3097274,0.292131,0.7764412,0.4919366,0.7384096,6,846
0.09644511,0.3216222,0.5562108,0.9927763,0.9067172,0.8255241,0.3015137,0.177821,7,847
0.8691288,0.08013993,0.3064983,0.4345587,0.2870129,0.3864443,0.6779097,0.9097226,0,848
0.5429108,0.1083098,0.2359588,0.6265651,0.8361923,0.1208521,0.8154243,0.3032553,1,849
0.7507689,0.7504143,0.4061683,0.338863,0.2368507,0.6548547,0.01266781,0.05991489,2,850
0.5463349,0.8571242,0.7130701,0.007103361,0.6354932,0.3309858,0.8572236,0.5166113,3,851
0.3402481,0.1333671,0.3409085,0.8088113,0.0686344,0.1560278,0.6314752,0.633016,4,852
0.6359589,0.2786167,0.1863452,0.7763098,0.8537456,0.991564,0.1395796,0.8094979,5,853
0.5702593,0.03690564,0.2842843,0.9603256,0.2362625,0.2637899,0.06498976,0.0555705,6,854
0.2794982,0.4480016,0.9152311,0.1285625,0.3112911,0.7839797,0.6322137,0.2463748,7,855
0.6483123,0.6045987,0.09232234,0.0125906,0.6642762,0.7724364,0.5305449,0.4928966,0,856
0.977263,0.390701,0.3349696,0.3432316,0.8892586,0.5020354,0.6847945,0.377745,1,857
0.8451372,0.3908304,0.5249021,0.9734341,0.2350954,0.6118642,0.8504576,0.5611979,2,858
0.9758154,0.9480259,0.4359599,0.655096,0.240534,0.3849858,0.3977785,0.07498042,3,859
0.7568321,0.8608518,0.8881529,0.04230216,0.3078774,0.8517122,0.453171,0.1640453,4,860
0.5472767,0.4177235,0.4960259,0.8226254,0.6958749,0.5749854,0.5677343,0.1839688,5,861
0.1714767,0.5612867,0.0621075,0.6735371,0.2664341,0.6759749,0.6435048,0.6226118,6,862
0.01606097,0.7226111,0.9377205,0.002758929,0.5101175,0.3310463,0.418456,0.9497169,7,863
0.8373889,0.4384921,0.233512,0.9678738,0.3742542,0.7081994,0.4297448,0.1172746,0,864
0.3787236,0.3603312,0.6288329,0.09709838,0.1785285,0.1010378,0.5296079,0.1798208,1,865
0.7523617,0.7176253,0.876415,0.03640173,0.297456,0.9639893,0.1445288,0.8239874,2,866
0.1335883,0.1685084,0.4324959,0.4863202,0.7121185,0.9762168,0.5081424,0.5902728,3,867
0.3012747,0.1336341,0.3974231,0.9571167,0.007607738,0.3304017,0.7653053,0.9878387,4,868
0.005090775,0.5338082,0.8325304,0.1966771,0.5281863,0.3877949,0.5191014,0.5723873,5,869
0.3382321,0.7156286,0.4601255,0.5364655,0.2781536,0.2787666,0.2838541,0.6622851,6,870
0.06556263,0.4402859,0.9927886,0.7004373,0.3918498,0.001581282,0.7981697,0.5531455,7,871
0.0153621,0.2996854,0.7693798,0.177222,0.1359863,0.439187,0.7679302,0.9198861,0,872
0.1890058,0.8495642,0.7064714,0.3040883,0.628415,0.9918326,0.3075838,0.1776204,1,873
0.109359,0.4840277,0.5532823,0.3251703,0.634824,0.2310903,0.4762143,0.1418788,2,874
0.1715023,0.7062276,0.2105612,0.9304273,0.6792287,0.3444485,0.886609,0.1983282,3,875
0.7921273,0.1306977,0.074065,0.5134795,0.04819305,0.8837368,0.7058704,0.2236124,4,876
0.02687808,0.4822192,0.472435,0.8486258,0.2736326,0.6477371,0.5742796,0.2869243,5,877
0.2157124,0.3718555,0.8501502,0.757497,0.05072364,0.6356156,0.4022127,0.7921343,6,878
0.9073948,0.8098128,0.9748465,0.9652303,0.3921207,0.5120456,0.5632731,0.1775871,7,879
0.746404,0.2774968,0.1973301,0.3258455,0.5650772,0.493788,0.8373678,0.352423,0,880
0.6063039,0.438354,0.3734095,0.9931121,0.4208616,0.6838216,0.9815183,0.4813384,1,881
0.5939404,0.7915033,0.2859617,0.3321401,0.06385221,0.325158,0.5109161,0.1567229,2,882
0.650834,0.9104352,0.9686701,0.2173513,0.9422487,0.07393885,0.5529096,0.7565057,3,883
0.4882871,0.888657,0.3671851,0.3722102,0.6749454,0.08908428,0.02493383,0.8594906,4,884
0.5571948,0.8248069,0.7327959,0.455717,0.9495437,0.6768994,0.3706839,0.8026158,5,885
0.9574909,0.02808823,0.1497865,0.9171857,0.540408,0.2598317,0.9957258,0.2332731,6,886
0.7047113,0.8469653,0.4932951,0.3234364,0.3176065,0.8673146,0.1256683,0.1193367,7,887
0.5219662,0.374577,0.5547307,0.8283885,0.4363806,0.9518496,0.8200333,0.5343559,0,888
0.2479586,0.6454725,0.6025271,0.954484,0.9342828,0.244116,0.8691177,0.2662779,1,889
0.5787955,0.9215361,0.9713356,0.1684012,0.09010237,0.05775771,0.7509357,0.2999734,2,890
0.5941042,0.3087259,0.5402839,0.3533663,0.6575602,0.2674367,0.7158883,0.1076412,3,891
0.9104583,0.4362926,0.6867882,0.1654448,0.6251842,0.1196242,0.4785538,0.1481811,4,892
0.8085975,0.5188511,0.2749084,0.9037156,0.6765741,0.9649208,0.6479571,0.8555842,5,893
0.9446111,0.796811,0.09955108,0.9275554,0.522953,0.452343,0.8556455,0.3811671,6,894
0.3240415,0.2961977,0.995283,0.9252352,0.8640856,0.7089748,0.2878701,0.9554404,7,895
0.9758468,0.2140472,0.4772357,0.03790658,0.03731785,0.7253155,0.4993346,0.2635122,0,896
0.7586217,0.2265451,0.1395613,0.2195463,0.642085,0.0718883,0.2388615,0.08130821,1,897
0.372266,0.1894613,0.9936401,0.4013853,0.9510538,0.004406447,0.1382631,0.03311388,2,898
0.07676585,0.2286906,0.4706433,0.4870684,0.7603669,0.3172797,0.573955,0.7451316,3,899
0.3416027,0.1309629,0.05459284,0.7345282,0.9663463,0.3374116,0.9784658,0.7183281,4,900
0.2028966,0.7742077,0.217114,0.6710776,0.218657,0.3789721,0.4385941,0.05758122,5,901
0.2823415,0.9117374,0.6767998,0.3322834,0.940317,0.6836447,0.872843,0.8646121,6,902
0.6191203,0.2690261,0.3422256,0.463247,0.2363877,0.9613653,0.7562238,0.3917944,7,903
0.303396,0.8652558,0.1348127,0.6230952,0.2864154,0.172978,0.07758067,0.5760662,0,904
0.8454901,0.4176938,0.03438445,0.6613026,0.7777631,0.6854724,0.23855,0.3875499,1,905
0.01306654,0.2696251,0.4743544,0.2856782,0.6358643,0.5314427,0.3582227,0.03315601,2,906
0.05311592,0.7738509,0.9169624,0.06514718,0.1739443,0.03956708,0.4023445,0.1863661,3,907
0.3241627,0.8311486,0.9848567,0.7996513,0.6682855,0.881004,0.6196255,0.98131,4,908
0.4800543,0.1841424,0.4193977,0.9697774,0.5362012,0.5713632,0.1021469,0.5568535,5,909
0.9168795,0.07203491,0.6498647,0.9587511,0.0528121,0.2417931,0.7433097,0.6928831,6,910
0.5717344,0.4316218,0.7973624,0.5783424,0.7083483,0.6975648,0.6505289,0.460465,7,911
0.5371748,0.8203925,0.4130422,0.1932595,0.3497266,0.6016332,0.9174432,0.7840021,0,912
0.9310106,0.169313,0.3098222,0.1917456,0.03000629,0.5996433,0.2996154,0.03330363,1,913
0.6559206,0.6018453,0.684381,0.9791077,0.03935866,0.002320366,0.9407057,0.3810628,2,914
0.08389843,0.9713283,0.7963594,0.5050536,0.3353023,0.1795144,0.1496262,0.8638269,3,915
0.6080096,0.7414059,0.8815562,0.8593366,0.2048129,0.8062298,0.08349168,0.4814917,4,916
0.1321776,0.4693683,0.6515132,0.9075888,0.2477052,0.8381583,0.5333509,0.3327298,5,917
0.5761004,0.4445771,0.9533737,0.8588718,0.6575344,0.9830059,0.6385596,0.07139483,6,918
0.9762806,0.3058833,0.8216587,0.05955054,0.02641015,0.617976,0.2952796,0.9402502,7,919
0.1166482,0.8775145,0.2709234,0.5153807,0.5801257,0.2750297,0.5773643,0.5572477,0,920
0.9631687,0.6285014,0.9183039,0.6916037,0.2896811,0.2769229,0.7943348,0.975484,1,921
0.5797043,0.4198576,0.8511893,0.681515,0.7232288,0.5796309,0.8521597,0.5737817,2,922
0.1083077,0.004885931,0.3904368,0.231338,0.4311451,0.7887259,0.6485266,0.8940623,3,923
0.09710387,0.3111742,0.2502829,0.2179742,0.6965266,0.6717302,0.6245432,0.05052206,4,924
0.8249734,0.9266205,0.6707091,0.4080548,0.8474405,0.04892401,0.7926407,0.813327,5,925
0.5172379,0.2722233,0.2415485,0.02179568,0.1335468,0.07466954,0.3488364,0.9843761,6,926
0.1635223,0.6478766,0.01933402,0.5970644,0.6883969,0.2933636,0.1170657,0.5390317,7,927
0.6342396,0.2639484,0.8867051,0.5029334,0.1517099,0.5432243,0.9259793,0.729836,0,928
0.9994038,0.5102098,0.8331296,0.5549743,0.5126952,0.4672139,0.3644437,0.9646278,1,929
0.5553393,0.45271,0.3795239,0.3711219,0.4841519,0.6586245,0.07346916,0.6510522,2,930
0.4970958,0.6442981,0.3330506,0.290928,0.6716697,0.02691309,0.3111387,0.7477368,3,931
0.4652193,0.6327457,0.5241842,0.4081381,0.5942661,0.4719242,0.7137918,0.01221144,4,932
0.1553093,0.9906541,0.6771787,0.6402315,0.01884467,0.2765023,0.6244108,0.07483635,5,933
0.3790376,0.6954638,0.1362143,0.3699688,0.1673041,0.7974821,0.4729762,0.0003430508,6,934
0.9202926,0.1179434,0.6028187,0.9303191,0.9653058,0.1975562,0.4016232,0.3915654,7,935
0.2744676,0.02904449,0.6307097,0.08697148,0.6669751,0.3485767,0.5825277,0.4312349,0,936
0.5804417,0.3284717,0.8043849,0.1581573,0.7741018,0.7895535,0.9588849,0.2757178,1,937
0.3979892,0.7604565,0.8793671,0.879476,0.805702,0.1179531,0.6003495,0.002733148,2,938
0.3728807,0.5919684,0.7095636,0.1281578,0.2544371,0.4231724,0.1793737,0.3322734,3,939
0.2805467,0.5317159,0.935232,0.03054313,0.7142118,0.2600144,0.0824836,0.2523232,4,940
0.4614498,0.9042147,0.501029,0.3049702,0.8369395,0.4141681,0.5040082,0.5383538,5,941
0.5326366,0.5901057,0.4562984,0.373955,0.3643687,0.594959,0.3791775,0.6787701,6,942
0.8600966,0.2138896,0.8310838,0.02407163,0.731584,0.5070604,0.8860643,0.1699661,7,943
0.3250688,0.1666804,0.5243934,0.4923776,0.9621497,0.8944026,0.502511,0.2901868,0,944
0.9213409,0.3257207,0.4338463,0.2656664,0.5006213,0.3686384,0.3242573,0.7114127,1,945
0.8898415,0.8669904,0.20798,0.816265,0.3574193,0.6542796,0.3236831,0.1052267,2,946
0.1675914,0.2999561,0.5567415,0.485442,0.9725967,0.04407381,0.6538263,0.9153042,3,947
0.07024425,0.128781,0.7005234,0.5234962,0.8145678,0.2888111,0.8796623,0.5240881,4,948
0.9656411,0.06736427,0.7178036,0.7145605,0.7549303,0.4300487,0.4472943,0.8788303,5,949
0.7739391,0.6362474,0.4307805,0.665184,0.5051271,0.7546665,0.2029,0.6373162,6,950
0.4124109,0.3755693,0.9939829,0.7641265,0.7548324,0.8691775,0.1237033,0.007991326,7,951
0.05507777,0.9358518,0.4921604,0.4554658,0.003608678,0.1609885,0.5808963,0.500349,0,952
0.8923394,0.5630427,0.36757,0.2846396,0.7834785,0.3300676,0.419615,0.4290926,1,953
0.6087716,0.3256023,0.5305852,0.4621296,0.6447589,0.5116882,0.6189994,0.6593235,2,954
0.475017,0.7545595,0.4830791,0.1281078,0.2553768,0.206935,0.3068961,0.1845259,3,955
0.59294,0.2255069,0.6765543,0.3217421,0.5636086,0.2150039,0.06843698,0.501073,4,956
0.6824273,0.8185247,0.5431373,0.4569553,0.0973883,0.1243278,0.0372421,0.6137224,5,957
0.441853,0.1858698,0.4021802,0.06215651,0.5852138,0.2794506,0.6866984,0.62295,6,958
0.6569276,0.5757033,0.4476474,0.006059354,0.8814133,0.8014846,0.02966611,0.6776063,7,959
0.6209384,0.2911133,0.4686443,0.5734989,0.3339506,0.4186344,0.7675011,0.1136964,0,960
0.2433642,0.6849782,0.4529738,0.863787,0.8567342,0.106696,0.6010356,0.3684928,1,961
0.1797487,0.02304661,0.8558056,0.8319954,0.3278089,0.7153029,0.1978743,0.7829789,2,962
0.8315106,0.4360932,0.9070504,0.01010732,0.03231506,0.1600867,0.6720921,0.2760195,3,963
0.5277725,0.2234197,0.3075342,0.2464488,0.08902709,0.4140112,0.6376894,0.22415,4,964
0.6223958,0.1884164,0.3811506,0.1603094,0.5765768,0.7913215,0.0605446,0.5001898,5,965
0.6262227,0.1502411,0.3106939,0.5222404,0.4377773,0.6763573,0.7739595,0.8780741,6,966
0.8762693,0.2092274,0.8714622,0.7326615,0.5426731,0.774097,0.6654726,0.7825053,7,967
0.8295646,0.5680813,0.9288902,0.994266,0.1200101,0.2065345,0.4362588,0.3392937,0,968
0.06786247,0.06169106,0.5136332,0.4127425,0.6143939,0.289167,0.5636741,0.7585722,1,969
0.3863909,0.3067715,0.1119893,0.1444376,0.3920201,0.9506071,0.8993284,0.1464128,2,970
0.6139892,0.4702189,0.9790037,0.03702266,0.4746959,0.1283295,0.6224226,0.1210556,3,971
0.5951127,0.8082202,0.2376129,0.519834,0.7511182,0.9612354,0.847142,0.8433977,4,972
0.3525816,0.6729532,0.7358301,0.7648721,0.0324667,0.3756363,0.6817736,0.3875053,5,973
0.6022158,0.2000743,0.7034211,0.6349803,0.02482186,0.5059627,0.2202906,0.6262001,6,974
0.9139507,0.4939409,0.7837875,0.8460518,0.5397725,0.8795985,0.8240644,0.6479517,7,975
0.5810835,0.2133722,0.3226719,0.2494061,0.537286,0.5534871,0.9848225,0.4280103,0,976
0.7968733,0.3574207,0.8507174,0.4553511,0.7482024,0.22391,0.04259718,0.7885326,1,977
0.1656617,0.9508654,0.7697192,0.3361885,0.4675268,0.6476172,0.5304704,0.9600726,2,978
0.3890788,0.3960366,0.05526967,0.2251531,0.7704272,0.3978645,0.7847587,0.8797002,3,979
0.520513,0.04079769,0.005952678,0.09023166,0.4360587,0.9624092,0.7193986,0.5432198,4,980
0.03834393,0.1007416,0.8684424,0.5826631,0.1938206,0.4581979,0.2980852,0.530782,5,981
0.5967634,0.3074411,0.9729716,0.8732948,0.9300656,0.05245228,0.8696125,0.1087117,6,982
0.4221728,0.9368162,0.7047918,0.4390137,0.6094865,0.6746383,0.7503067,0.02412943,7,983
0.9342502,0.1918667,0.6965321,0.2743745,0.6369142,0.7062214,0.9646452,0.3567895,0,984
0.1770885,0.8147193,0.2932459,0.6217529,0.6657766,0.4169917,0.5279315,0.8033502,1,985
0.001151878,0.255025,0.6325119,0.2304059,0.1602244,0.1651949,0.3340855,0.7130036,2,986
0.8934458,0.2977895,0.6240411,0.01844941,0.3873067,0.5983195,0.8073885,0.5451305,3,987
0.1897703,0.6707442,0.2431964,0.5108303,0.6372834,0.9380737,0.1208807,0.4865045,4,988
0.1027902,0.1306441,0.8911294,0.973437,0.9297109,0.8229508,0.8552693,0.4821858,5,989
0.6828933,0.2403117,0.6536048,0.2829316,0.7622631,0.9321771,0.3735623,0.7069179,6,990
0.9969764,0.46969,0.2727541,0.2626547,0.9579385,0.5181018,0.6483446,0.7830843,7,991
0.09955338,0.2153816,0.8407131,0.4045889,0.8681368,0.2475714,0.8506872,0.9610116,0,992
0.8127584,0.9146894,0.525261,0.3017145,0.6731736,0.02701007,0.9180393,0.9787434,1,993
0.5834218,0.2546727,0.06704495,0.3360515,0.5460132,0.5111723,0.07131439,0.293865,2,994
0.3360078,0.8043074,0.1259102,0.6736804,0.5491848,0.9764338,0.8697261,0.1396065,3,995
0.4026629,0.5257745,0.9498715,0.573437,0.4638668,0.4700465,0.7654967,0.1060411,4,996
0.2329235,0.5343684,0.7335128,0.4107761,0.7344002,0.6573669,0.8346995,0.2675504,5,997
0.3552611,0.5590766,0.3486646,0.8326824,0.5209904,0.9854501,0.3373371,0.4944446,6,998
0.3945391,0.9626325,0.8011361,0.1486883,0.7566369,0.1544822,0.8881743,0.1675241,7,999
0.2722071,0.9513697,0.192804,0.06214159,0.8009137,0.1504045,0.1455022,0.594713,0,1000
0.6481945,0.7945666,0.7517947,0.6683209,0.4689657,0.8231114,0.04216791,0.7842407,1,1001
0.3986117,0.9976012,0.9507545,0.2759828,0.496917,0.8473763,0.9891413,0.9530732,2,1002
0.6025757,0.1889969,0.2810253,0.3011512,0.7036445,0.2030775,0.8596201,0.3658296,3,1003
0.9715428,0.08121498,0.834013,0.8508031,0.8662503,0.6487259,0.8201619,0.2075386,4,1004
0.994199,0.7614521,0.9749215,0.4215606,0.5186453,0.1522625,0.9382656,0.9630665,5,1005
0.784005,0.5358894,0.9120952,0.8839335,0.8957499,0.5883626,0.9261929,0.2776403,6,1006
0.1029109,0.2358395,0.5502199,0.1502091,0.7443163,0.2757791,0.7270505,0.9946421,7,1007
0.7299255,0.4763377,0.6381137,0.4976537,0.0251709,0.4915765,0.6648903,0.1485858,0,1008
0.4249446,0.9981184,0.7716503,0.9976335,0.6046743,0.8588299,0.3173594,0.2550136,1,1009
0.9437822,0.339636,0.1676224,0.9250417,0.6990938,0.4055485,0.9335383,0.6303566,2,1010
0.002951525,0.7970362,0.0267199,0.1737955,0.117477,0.9720724,0.2501393,0.8424097,3,1011
0.8787034,0.9634927,0.03610006,0.9309808,0.793189,0.3658481,0.6888664,0.846802,4,1012
0.971014,0.1400999,0.0672618,0.9162387,0.2473384,0.4417121,0.9469807,0.2671488,5,1013
0.1403446,0.5819337,0.8647569,0.003739314,0.8109392,0.660437,0.3512252,0.581885,6,1014
0.8889944,0.7265025,0.1567941,0.8270638,0.02311206,0.803546,0.3305642,0.5479778,7,1015
0.1099744,0.2133053,0.716381,0.1162532,0.2973329,0.2133359,0.3485592,0.8528803,0,1016
0.3434812,0.80919,0.9832019,0.9470196,0.980955,0.2885882,0.6745689,0.05390308,1,1017
0.05614302,0.6148742,0.4822491,0.8087194,0.770942,0.9548812,0.05618909,0.3845401,2,1018
0.2530851,0.2886899,0.594303,0.1398059,0.8254561,0.1207441,0.8377688,0.3280712,3,1019
0.07530495,0.2314106,0.7632907,0.1343626,0.7883396,0.0182834,0.7864718,0.2799356,4,1020
0.1229225,0.5755512,0.17556,0.6571763,0.3782024,0.5884834,0.251337,0.6200927,5,1021
0.2649003,0.4456532,0.4856308,0.3296869,0.62303,0.8001117,0.826858,0.6529213,6,1022
0.1394352,0.4117832,0.4969904,0.1915923,0.9451143,0.3914845,0.9423071,0.8914416,7,1023
